,nan,nan,"4,1k"
"ДИТ Москвы, коронобесие, большие данные: преступление и наказание",nan,nan,"9,8k"
"Как рекламщики уничтожили электронную почту, и что сейчас они делают с мобильной связью",nan,nan,"10,1k"
О дивный новый «Мир»! Восстановление советской радиолы. Часть 2,nan,nan,"1,9k"
Обман обманщиков: форк-бомба нового уровня,nan,nan,"97,4k"
      ,&plus;116,nan,"4,3k"
Изобретение инфляции: как Джон Ло разорил Францию,&plus;46,72,"97,4k"
Минуточку внимания,&plus;69,24,"22,5k"
Заказы,&plus;45,51,"17,1k"
Когда маркетологи заигрались и потеряли человека,&plus;58,15,"14,2k"
HTTPWTF. Необычное в обычном протоколе,&plus;116,680,127k
"Если вы не чистите зубы, то я их вам почищу: FAQ про гигиену",&plus;42,72,"97,4k"
Большой тест батареек CR2032,&plus;32,104,"62,7k"
      Средняя зарплата в IT,&plus;47,304,"60,8k"
Тихая революция и новый дикий запад в ComputerVision,&plus;268,142,215k
"Можно ли быть немножко беременным, или Российское проклятье Open Source",&plus;58,105,183k
Ответ HR-девицам,&plus;68,680,127k
Самое читаемоеМинуточку внимания,nan,194,126k
,nan,nan,"4,1k"
"Как я сделал девайс для Korn, Limp Bizkit, Drowning Pool и других рокеров, собрав все продуктовые ошибки",nan,nan,"9,8k"
Как 17 обезьян спасли тысячи людей,nan,nan,"10,1k"
Программирование — это скучная магия,nan,nan,"1,9k"
Ретрожелезо в фильме «Брат»,nan,nan,"97,4k"
      ,&plus;116,nan,"4,3k"
Полезные консольные Linux утилиты,&plus;46,72,"97,4k"
Скрытые мобильные подписки на хостинге Мегафона,&plus;69,24,"22,5k"
Сравнение коннекторов USB-C за 5 и 20 центов,&plus;45,51,"17,1k"
Минуточку внимания,&plus;58,15,"14,2k"
50 оттенков жёлтого. Часть 2,&plus;116,680,127k
Однобитный компьютер,&plus;42,72,"97,4k"
Собеседование в Яндекс: театр абсурда :/,&plus;32,104,"62,7k"
Веб на заре Рунета. Как создавали и где хостили сайты в 90-е,&plus;47,304,"60,8k"
"Что делать, если украли смартфон",&plus;268,142,215k
"Уважаемые рекрутеры, а вы не офигели?",&plus;58,105,183k
Самое читаемоеМинуточку внимания,&plus;68,680,127k
Уникальный даже в мировой практике — советский проигрыватель Высшего класса «Корвет» 1978 года,nan,194,126k
,nan,nan,"4,1k"
Почему в iPhone до сих пор стоят 12 Мп камеры?,nan,nan,"9,8k"
Как мы с братом алмаз делали,nan,nan,"10,1k"
"Один бинарник, любое окружение. Магия чистого C",nan,nan,"1,9k"
Защищали ли кольчуги рыцарей?,nan,nan,"97,4k"
      ,&plus;116,nan,"4,3k"
Изнанка войны. Средневековые (и не только) ранения,&plus;46,72,"97,4k"
Минуточку внимания,&plus;69,24,"22,5k"
Билет без некоторых русских букв,&plus;45,51,"17,1k"
Заказы,&plus;58,15,"14,2k"
"«Вам здесь больше не рады...» Или что делать, если вы думаете, что работаете здесь, а начальник думает, что уже нет",&plus;116,680,127k
Как я нашел в публичном доступе исходники нескольких сервисов ФНС,&plus;42,72,"97,4k"
Зеркала в Duke Nukem 3D,&plus;32,104,"62,7k"
      Средняя зарплата в IT,&plus;47,304,"60,8k"
"Мы Опубликовали Качественный, Простой, Доступный и Быстрый Синтез Речи",&plus;268,142,215k
Самое читаемоеМинуточку внимания,&plus;58,105,183k
Возврат предустановленной Windows: Lenovo должна выплатить 20 000 евро в качестве компенсации ущерба,&plus;68,680,127k
Отменим ли мы Web?,nan,194,126k
,nan,nan,"4,1k"
"Приходит ПМ и говорит, что надо на завтра чай через 3 минуты",nan,nan,"9,8k"
Как я сократил время загрузки GTA Online на 70%,nan,nan,"10,1k"
      ,nan,nan,"1,9k"
Минуточку внимания,nan,nan,"97,4k"
10 лет аварии на АЭС Фукусима. Последствия и итоги,&plus;116,nan,"4,3k"
Заказы,&plus;46,72,"97,4k"
Самодельный спектрометр с высоким разрешением,&plus;69,24,"22,5k"
"О фейковых криптовалютах (Ethereum, Tron, Ripple и пр)",&plus;45,51,"17,1k"
Киев-Стокгольм-Харьков-Ивано-Франковск — моя история,&plus;58,15,"14,2k"
Самое читаемоеМинуточку внимания,&plus;116,680,127k
Никогда такого не было и вот опять. Почему нужно использовать self-hosted VPN. Релиз Amnezia,&plus;42,72,"97,4k"
История одного собеседования,&plus;32,104,"62,7k"
Как и зачем мы внесли 22 тысячи изменений в дизайн Яндекс.Карт,&plus;47,304,"60,8k"
Ученые получили первый снимок кристалла времени,&plus;268,142,215k
"Не блокировка, а замедление",&plus;58,105,183k
Коронавирус нерукотворный: разбираем гипотезу о лабораторном происхождении SARS-CoV-2,&plus;68,680,127k
"Плохие интерфейсы, или как я ходила на башню Федерация",nan,194,126k
,nan,nan,"4,1k"
Графика в терминале,nan,nan,"9,8k"
Установка Linux на калькулятор. Часть I,nan,nan,"10,1k"
"Как выжить, если вы падаете со скоростью 190 км/ч с высоты 10 000 метров, и у вас в запасе есть три минуты",nan,nan,"1,9k"
Почему Windows около 20 секунд упорядочивает невидимые значки Рабочего стола?,nan,nan,"97,4k"
Как мы раскрыли 24-летний баг в ядре Linux,&plus;116,nan,"4,3k"
Серебряная пуля для кремлевского демона,&plus;46,72,"97,4k"
      ,&plus;69,24,"22,5k"
Как превратиться в суперзвезду Zoom-звонков за 15 минут,&plus;45,51,"17,1k"
Минуточку внимания,&plus;58,15,"14,2k"
"6:59:00, высота 10 000 м",&plus;116,680,127k
      Средняя зарплата в IT,&plus;42,72,"97,4k"
Лайфхак: как спарсить гигабайт double-ов в секунду,&plus;32,104,"62,7k"
Как разработчики бегут из Сан-Франциско,&plus;47,304,"60,8k"
Как не спалить закладку полиции?,&plus;268,142,215k
Самое читаемоеМинуточку внимания,&plus;58,105,183k
Обратная сторона Open Source-славы: как угрожают автору curl,&plus;68,680,127k
  ,nan,194,126k
,nan,nan,"4,1k"
Как мы просто сократили объем входящего в дата-центр трафика на 70%,nan,nan,"9,8k"
RS485 — стандарт промышленных сетей. Какими особенностями обладает микросхема приемопередатчика?,nan,nan,"10,1k"
      ,nan,nan,"1,9k"
Минуточку внимания,nan,nan,"97,4k"
Старый DVD-привод превращается… в лазерный микроскоп,&plus;116,nan,"4,3k"
На фондовом рынке США сформировался пузырь небывалых размеров,&plus;46,72,"97,4k"
Мнимая значимость,&plus;69,24,"22,5k"
Как root-права и альтернативные прошивки делают ваш android смартфон уязвимым,&plus;45,51,"17,1k"
ГМО-люди – будущее биотехнологий уже здесь,&plus;58,15,"14,2k"
      Средняя зарплата в IT,&plus;116,680,127k
Сам себе пейджинговый оператор,&plus;42,72,"97,4k"
"История ГМО лосося, который все же попал на рынок",&plus;32,104,"62,7k"
Самое читаемоеМинуточку внимания,&plus;47,304,"60,8k"
  ,&plus;268,142,215k
Самый важный эксперимент 20 века,&plus;58,105,183k
Что происходит с молодежной наукой в России?,&plus;68,680,127k
"Математик-пенсионер, «хакнувший» лотерею",nan,194,126k
,nan,nan,"4,1k"
Flipper Zero — план по производству и доставке,nan,nan,"9,8k"
FizzBuzz по-сениорски,nan,nan,"10,1k"
Как «Ревущий Котёнок» с Reddit заработал 28.500% на акциях GameStop: объясняю простым языком,nan,nan,"1,9k"
Как удалить «неудаляемые» приложения со смартфона,nan,nan,"97,4k"
О театре или почему всем плевать,&plus;116,nan,"4,3k"
      ,&plus;46,72,"97,4k"
Я сделаю свою «умную» колонку… «with blackjack and hookers!»,&plus;69,24,"22,5k"
Куда идти за иммунитетом?,&plus;45,51,"17,1k"
Минуточку внимания,&plus;58,15,"14,2k"
У Google появился новый креативный способ убивать SaaS-стартапы,&plus;116,680,127k
Электроника МС 1504 — первый советский ноутбук,&plus;42,72,"97,4k"
Чем неудобен хабровый WYSIWYG-редактор,&plus;32,104,"62,7k"
Самое читаемоеМинуточку внимания,&plus;47,304,"60,8k"
Телефонное мошенничество – по горячим следам,&plus;268,142,215k
"Тариф «100к+», или как вельми зело огорчить спамера",&plus;58,105,183k
«Органика» — не значит «экологичность»,&plus;68,680,127k
Фургоны-детекторы ТВ всё ещё колесят по улицам Великобритании,nan,194,126k
,nan,nan,"4,1k"
Как мы ржавели. История внедрения и обучения,nan,nan,"9,8k"
"ИТЭР в 2020 году, часть первая",nan,nan,"10,1k"
Проклятье Циолковского и благодать Оберта,nan,nan,"1,9k"
Производство ,nan,nan,"97,4k"
"Почему хабражители предпочитают велосипеды, вместо готовых решений? Или о systemd, part 0",&plus;116,nan,"4,3k"
      ,&plus;46,72,"97,4k"
        Курсы,&plus;69,24,"22,5k"
Минуточку внимания,&plus;45,51,"17,1k"
"Физкультура для программиста, есть ли хороший выход?",&plus;58,15,"14,2k"
Что вас ждет на курсе Алгоритмов в Яндекс.Практикуме,&plus;116,680,127k
Самый беззащитный — уже не Сапсан. Всё оказалось куда хуже…,&plus;42,72,"97,4k"
Выделяем ДНК банана в домашних условиях,&plus;32,104,"62,7k"
Так ли токсичен синтаксис Rust?,&plus;47,304,"60,8k"
Эффект Оберта,&plus;268,142,215k
"Трибьют Канзи, обезьяньему патриарху, который всех озадачил",&plus;58,105,183k
Передача файлов по воздуху через камеру смартфона,&plus;68,680,127k
Какой софт и базы использует Bellingcat в своих расследованиях?,nan,194,126k
,nan,nan,"4,1k"
История потерянного коммита,nan,nan,"9,8k"
"Как древние шумеры повлияли на значение скорости света, и почему Великая Французская Революция не смогла им помешать",nan,nan,"10,1k"
      ,nan,nan,"1,9k"
Запуск Netflix на телевизорах и приставках. Лишние 40 миллисекунд,nan,nan,"97,4k"
"Как раздвинуть кости черепа, чтобы легче дышалось: место, где в стоматологии сошлись сразу три новые технологии",&plus;116,nan,"4,3k"
Чтобы током не убило. Всё про УЗО,&plus;46,72,"97,4k"
Минуточку внимания,&plus;69,24,"22,5k"
Насколько вкусные печеньки в Яндексе?,&plus;45,51,"17,1k"
      Средняя зарплата в IT,&plus;58,15,"14,2k"
Реверсим и улучшаем SATA контроллер,&plus;116,680,127k
"Яндекс отключил расширения с аудиторией в 8 млн пользователей. Объясняем, почему мы пошли на такой шаг",&plus;42,72,"97,4k"
Когда путь важнее цели. Сколько нам еще остается до полноценной термоядерной энергетики?,&plus;32,104,"62,7k"
Как мы переносили современные игры на процессор Эльбрус-8С,&plus;47,304,"60,8k"
Самое читаемоеМинуточку внимания,&plus;268,142,215k
Охота на охотников за криптовалютой,&plus;58,105,183k
"Что в стоматологии поменялось за 30 лет, и почему заниматься наукой в России так больно",&plus;68,680,127k
  ,nan,194,126k
,nan,nan,"4,1k"
Домашний тлен: токсины черной плесени,nan,nan,"9,8k"
Оптическая иллюзия 2020,nan,nan,"10,1k"
      ,nan,nan,"1,9k"
        Курсы,nan,nan,"97,4k"
Минуточку внимания,&plus;116,nan,"4,3k"
Эпидемия летаргии: заснувшие навсегда,&plus;46,72,"97,4k"
«Ангара»: Гадкий лебедь российской космонавтики,&plus;69,24,"22,5k"
Stenotype,&plus;45,51,"17,1k"
Как потерять аккаунт на Гос. услугах за 5 секунд,&plus;58,15,"14,2k"
"Купил — значит, твое: вендоров бытовой техники в ЕС обязали поставлять запчасти для ремонта и помогать сервисам",&plus;116,680,127k
Крушение Intel состоялось,&plus;42,72,"97,4k"
Лампа Эра 15 Вт из Fix Price,&plus;32,104,"62,7k"
"Как выглядит хабраэффект, когда вы продаёте изделие «горижопа» для женщин",&plus;47,304,"60,8k"
"Странный вкус, как симптом",&plus;268,142,215k
Яндекс.Станция Макс. Три истории про новое устройство с Алисой,&plus;58,105,183k
Загрузка операционной системы с виниловой пластинки,&plus;68,680,127k
Верховный суд отказал Wargaming в иске к своим бывшим сотрудникам,nan,194,126k
,nan,nan,"4,1k"
Ваш компьютер больше не принадлежит вам,nan,nan,"9,8k"
Стабилизация растений для ленивых романтиков. Ну и гиков тоже,nan,nan,"10,1k"
      ,nan,nan,"1,9k"
"Когда вы учили произношение английских слов, вы материли Уильяма Кэкстона, даже если не знали, кто это вообще такой",nan,nan,"97,4k"
Flipper Zero — в шаге от финальной версии железа,&plus;116,nan,"4,3k"
Фристайлер ракомакофон! или почему иногда мы неправильно слышим слова песен на английском,&plus;46,72,"97,4k"
Минуточку внимания,&plus;69,24,"22,5k"
Трипаносомоз — паразиты в крови или почему боятся мух Цеце?,&plus;45,51,"17,1k"
Почему гну перешла через реку?,&plus;58,15,"14,2k"
Как появилась на свет программа youtube-dl,&plus;116,680,127k
      Средняя зарплата в IT,&plus;42,72,"97,4k"
"Здравствуй, дорогой я двадцать лет назад",&plus;32,104,"62,7k"
"В России сохраняются проблемы с доступностью сайтов, но никто их не замечает",&plus;47,304,"60,8k"
Самое читаемоеМинуточку внимания,&plus;268,142,215k
Наш первый ЦОД в советском бомбоубежище: особенности вычислений в бункере,&plus;58,105,183k
Как оптимизировали экономику СССР и что из этого вышло,&plus;68,680,127k
Тренируемся дома: отжимания по программе Пола Уэйда,nan,194,126k
,nan,nan,"4,1k"
Кейс: как мы на яхте бортовой компьютер заменили,nan,nan,"9,8k"
Секрет Великого Искоренителя,nan,nan,"10,1k"
ВИЧ — нулевой пациент мировой пандемии,nan,nan,"1,9k"
"Мама, я сделал Хабр",nan,nan,"97,4k"
Windows: достучаться до железа,&plus;116,nan,"4,3k"
"О талантах, деньгах и алгоритмах сжатия данных",&plus;46,72,"97,4k"
      ,&plus;69,24,"22,5k"
Поговорим о микроскопах,&plus;45,51,"17,1k"
"Представьте — что если все, что вы делаете будет бессмысленным и бесполезным?",&plus;58,15,"14,2k"
        Курсы,&plus;116,680,127k
Минуточку внимания,&plus;42,72,"97,4k"
"Habr, iXBT.Live, Pikabu и Яндекс.Дзен: сравнение четырех площадок и их ППА через один пост",&plus;32,104,"62,7k"
Как я узнал о тайных услугах Мегафона,&plus;47,304,"60,8k"
Клуб анонимных Дедов Морозов 2020–2021 на Habr,&plus;268,142,215k
Самое читаемоеМинуточку внимания,&plus;58,105,183k
"Я никогда не писал расширения для Хрома, но меня допекли",&plus;68,680,127k
Что плохо в новых значках Google,nan,194,126k
,nan,nan,"4,1k"
Ускоряем на 70% игру на процессоре в 1 МГц,nan,nan,"9,8k"
"Галя, сколько? Игра в шашечки на кассах Пятёрочки",nan,nan,"10,1k"
Про новинки в .NET 5 и C# 9.0,nan,nan,"1,9k"
      ,nan,nan,"97,4k"
Минуточку внимания,&plus;116,nan,"4,3k"
Сложение двух чисел с плавающей запятой без потери точности,&plus;46,72,"97,4k"
Линукс-порт Far Manager: прогресс за 4 года,&plus;69,24,"22,5k"
Аппаратный взлом жёсткого диска,&plus;45,51,"17,1k"
Популярная музыка на самом деле деградирует,&plus;58,15,"14,2k"
"Рудиментарные дела. Кого, чему, зачем и что не нужно",&plus;116,680,127k
Сбер выложил русскоязычную модель GPT-3 Large с 760 миллионами параметров в открытый доступ,&plus;42,72,"97,4k"
"«Однорукий интерфейс»: баг или фича, позволяющая Делимобилю отнимать деньги у пользователей?",&plus;32,104,"62,7k"
Часть‌ ‌1,&plus;47,304,"60,8k"
"Представьте — вам дали гору денег, но забрали программирование навсегда. Обрадуетесь? Что будете делать?",&plus;268,142,215k
В пещерах этого не было,&plus;58,105,183k
Самое читаемоеМинуточку внимания,&plus;68,680,127k
Охотничьи зоонозы: когда утка опасней ружья,nan,194,126k
,nan,nan,"4,1k"
"Доля Firefox упала на 85%, однако доходы руководства Mozilla выросли на 400%",nan,nan,"9,8k"
Архитектура операционной системы для ZX Spectrum-совместимых компьютеров,nan,nan,"10,1k"
"Пока все праздновали мой день рождения, я до утра чинил кластер — а разрабы валили на меня свои ошибки",nan,nan,"1,9k"
Как я избавлялся от Google на Android,nan,nan,"97,4k"
      ,&plus;116,nan,"4,3k"
Flipper Zero — прогресс за сентябрь,&plus;46,72,"97,4k"
Минуточку внимания,&plus;69,24,"22,5k"
А давайте заставим пользователя использовать безопасный пароль,&plus;45,51,"17,1k"
Как ядерное топливо путешествует по городам России. Короткий комментарий,&plus;58,15,"14,2k"
Буддизм с точки зрения программиста,&plus;116,680,127k
"Стивен Вольфрам: кажется, мы близки к пониманию фундаментальной теории физики, и она прекрасна",&plus;42,72,"97,4k"
Самолайк кармы на Хабре,&plus;32,104,"62,7k"
Сборка очень компактного планшетного ПК на базе Core i7,&plus;47,304,"60,8k"
Меня перевезли в другую страну и через две недели выставили на мороз — потому что передумали нанимать,&plus;268,142,215k
Самое читаемоеМинуточку внимания,&plus;58,105,183k
"Новый плацкарт в вагоне габарита Т: помните ту обратную связь, что вы давали на 1-ВМ?",&plus;68,680,127k
Гугл-программисты. Как идиот набрал на работу идиотов,nan,194,126k
,nan,nan,"4,1k"
"Германия, или Туда и Обратно — 3",nan,nan,"9,8k"
Открытое письмо авторам российской вакцины от COVID-19,nan,nan,"10,1k"
Dial-up развлекушки,nan,nan,"1,9k"
      ,nan,nan,"97,4k"
«Морской старт»: возвращение блудного космодрома,&plus;116,nan,"4,3k"
Как писать книгу по физике в LaTeX. Cтатья 1,&plus;46,72,"97,4k"
Минуточку внимания,&plus;69,24,"22,5k"
"Объясните, почему мой рокет-саенс бэкенд билдится пару секунд, а четыре формы на фронте — полгода",&plus;45,51,"17,1k"
"В IT растет цензура, а мы не замечаем — разрешают только улыбаться и молчать",&plus;58,15,"14,2k"
Первая сотня российских электронных устройств,&plus;116,680,127k
Вооот такоооой красотыыы,&plus;42,72,"97,4k"
      Средняя зарплата в IT,&plus;32,104,"62,7k"
"Германия, или Туда и Обратно — 2",&plus;47,304,"60,8k"
Как я делаю цифровую минигитару,&plus;268,142,215k
"Как плохо спроектированный UX у теста на коронавирус чуть не посадил нас на самоизоляцию, но дырка в безопасности спасла",&plus;58,105,183k
Самое читаемоеМинуточку внимания,&plus;68,680,127k
Почему единственный вид деревьев не победил все остальные?,nan,194,126k
,nan,nan,"4,1k"
В какую сторону течёт вода?,nan,nan,"9,8k"
Своими руками: Компьютер в столе с жидкостным охлаждением,nan,nan,"10,1k"
"Мы тратим годы на то, что делается неделю — потому что все ларьки заигрались в IT-гигантов",nan,nan,"1,9k"
"Кто такие шизоиды, где они обитают, и почему вам может быть полезно о них узнать",nan,nan,"97,4k"
      ,&plus;116,nan,"4,3k"
Вред хранимых процедур,&plus;46,72,"97,4k"
        Курсы,&plus;69,24,"22,5k"
Минуточку внимания,&plus;45,51,"17,1k"
Представлена «вечная» батарейка на радиоактивных элементах,&plus;58,15,"14,2k"
Эмулятор карт EM Marine,&plus;116,680,127k
Операционные усилители: 10 схем на (почти) все случаи жизни,&plus;42,72,"97,4k"
Взгляд в прошлое. Технология 18 века,&plus;32,104,"62,7k"
Когда будет термояд: 500-мегаваттный проект ITER глазами участника,&plus;47,304,"60,8k"
"Death Note, анонимность и энтропия",&plus;268,142,215k
Скулятчер,&plus;58,105,183k
4 года игры в танчики,&plus;68,680,127k
Самое читаемоеМинуточку внимания,nan,194,126k
,nan,nan,"4,1k"
Фольклор программистов и инженеров (часть 1),nan,nan,"9,8k"
"Хакните и остановите шредер, в который загружено 200к, устройте короткое замыкание и пожар",nan,nan,"10,1k"
      ,nan,nan,"1,9k"
WFH убивает Кремниевую Долину?,nan,nan,"97,4k"
Памятка для пострадавшего от слезоточивого газа/перцового баллона,&plus;116,nan,"4,3k"
Аномалии голосования по поправкам к Конституции России. Часть 2,&plus;46,72,"97,4k"
Минуточку внимания,&plus;69,24,"22,5k"
Издеваемся над USB,&plus;45,51,"17,1k"
Почему налоговая не верит в айтишников-индивидуальных предпринимателей?,&plus;58,15,"14,2k"
"Habr vs Medium: сколько можно заработать, опубликовав 9 статей на Medium.com",&plus;116,680,127k
Как мы первыми в мире роботизируем кормоуборочные комбайны,&plus;42,72,"97,4k"
"Mozilla — прекрасная IT-компания, которую мы теряем",&plus;32,104,"62,7k"
Наша огромная гордость: мирные советские роботы-комбайны убрали первый урожай в южных регионах,&plus;47,304,"60,8k"
"Болею Коронавирусом. Обзор и тестирование, плюсы и минусы и сравнение с конкурентами из той же ценовой категории",&plus;268,142,215k
Самое читаемоеМинуточку внимания,&plus;58,105,183k
Почему лезвия бритвы затупляются после бритья?,&plus;68,680,127k
Ортолинейная сплит клавиатура — это что такое? Обзор Iris Keyboard,nan,194,126k
,nan,nan,"4,1k"
Советы руководителю от руководителя,nan,nan,"9,8k"
      ,nan,nan,"10,1k"
Будущее математики?,nan,nan,"1,9k"
Минуточку внимания,nan,nan,"97,4k"
Аномалии голосования по поправкам к Конституции России. Часть 1,&plus;116,nan,"4,3k"
Flipper Zero — как выйти на Кикстартер сидя на карантине на даче,&plus;46,72,"97,4k"
Враги свободы,&plus;69,24,"22,5k"
      Средняя зарплата в IT,&plus;45,51,"17,1k"
Как зарабатывать на фотографиях,&plus;58,15,"14,2k"
Жизнь и работа в Нидерландах,&plus;116,680,127k
Что помешало экипажу Crew Dragon выйти из корабля?,&plus;42,72,"97,4k"
USB-флешки: заряжать нельзя игнорировать,&plus;32,104,"62,7k"
Самое читаемоеМинуточку внимания,&plus;47,304,"60,8k"
Аккумуляторы против батареек,&plus;268,142,215k
«Просто похудеть» — непросто,&plus;58,105,183k
Проблемы научных публикаций,&plus;68,680,127k
  ,nan,194,126k
,nan,nan,"4,1k"
"Медуза, паспорта и говнокод — почему номера паспортов всех участников интернет-голосования попали в Интернет",nan,nan,"9,8k"
"Гениальный алгоритм создания лабиринтов в игре Entombed, который до сих пор не могут разгадать",nan,nan,"10,1k"
      ,nan,nan,"1,9k"
        Курсы,nan,nan,"97,4k"
"babooshka tv, как самодельный видео-показатор сместил «точку сборки» моих пожилых родителей",&plus;116,nan,"4,3k"
Минуточку внимания,&plus;46,72,"97,4k"
От комментария на Хабре к уязвимости в антивирусе Dr. Web,&plus;69,24,"22,5k"
Как Греф с программистами боролся,&plus;45,51,"17,1k"
Расследование: создатель AlterOffice украл код у Microsoft и рвётся назад в реестр,&plus;58,15,"14,2k"
Заряжаем обычные батарейки,&plus;116,680,127k
Почему я не буду пользоваться онлайн-кинотеатрами,&plus;42,72,"97,4k"
Генеральный конструктор vs Скрам-мастер,&plus;32,104,"62,7k"
Как я восстанавливал данные в неизвестном формате с магнитной ленты,&plus;47,304,"60,8k"
Надо помолчать,&plus;268,142,215k
Как мы судились с банком ВТБ за закрытие счёта,&plus;58,105,183k
Самое читаемоеМинуточку внимания,&plus;68,680,127k
Ты добавил всего две строчки. Почему на это ушло два дня?,nan,194,126k
,nan,nan,"4,1k"
Выбираем канал для точки доступа Wi-Fi. Исчерпывающее руководство,nan,nan,"9,8k"
«Особенность» Вконтакте,nan,nan,"10,1k"
Ozon go school: Как не нужно проводить отбор,nan,nan,"1,9k"
      ,nan,nan,"97,4k"
Уничтожение комаров,&plus;116,nan,"4,3k"
Зачем создавать клон Doom?,&plus;46,72,"97,4k"
Минуточку внимания,&plus;69,24,"22,5k"
"Основы Ansible, без которых ваши плейбуки — комок слипшихся макарон",&plus;45,51,"17,1k"
"Вероятно, хватит рекомендовать «Чистый код»",&plus;58,15,"14,2k"
Управление в стиле Догвилль,&plus;116,680,127k
"Запускаем камеру от телефона, или что делать, когда ничего не получается?",&plus;42,72,"97,4k"
Клон Doom в 13 килобайтах JavaScript,&plus;32,104,"62,7k"
      Средняя зарплата в IT,&plus;47,304,"60,8k"
"Как клеить по 13 девушек в час, используя машинное обучение и Tinder",&plus;268,142,215k
Самое читаемоеМинуточку внимания,&plus;58,105,183k
  ,&plus;68,680,127k
Собеседование наоборот: вопросы соискателя к компании,nan,194,126k
,nan,nan,"4,1k"
Как я использую AirDrop вместо Тиндера,nan,nan,"9,8k"
"[Вопрос] Вы видели людей, которые пользуются мобильными контент-подписками?",nan,nan,"10,1k"
Зачем принтеры ставят невидимые точки на документах,nan,nan,"1,9k"
Как живется в США «неайтишникам». Другая сторона,nan,nan,"97,4k"
      ,&plus;116,nan,"4,3k"
Катар: центр мира для пересадок и ночной город,&plus;46,72,"97,4k"
"Мегафон продолжает вмешиваться в мой HTTP-трафик в 2020 году, отправлять рекламу, даже после получения запретов на это",&plus;69,24,"22,5k"
Минуточку внимания,&plus;45,51,"17,1k"
Тест старения светодиодных ламп,&plus;58,15,"14,2k"
"Я выпустил текстовый процессор, форматировавший жёсткий диск после каждого 1024-го сохранения",&plus;116,680,127k
Тёмная сторона работы в Яндекс.Маркете,&plus;42,72,"97,4k"
10 советов схемотехнику,&plus;32,104,"62,7k"
Инклюзивное образование: почему такая хорошая идея так плохо работает,&plus;47,304,"60,8k"
      Средняя зарплата в IT,&plus;268,142,215k
Переезд в Иннополис,&plus;58,105,183k
Самое читаемоеМинуточку внимания,&plus;68,680,127k
"Объясните мне, как вы для себя разобрались в моделях типизаций — они же все размыты",nan,194,126k
,nan,nan,"4,1k"
"Личный опыт: как я подавал заявку в реестр отечественного ПО, и обнаружил запрет для всех версий Linux",nan,nan,"9,8k"
Какой язык программирования учить в 2020-м?,nan,nan,"10,1k"
      ,nan,nan,"1,9k"
Как я начал программировать,nan,nan,"97,4k"
        Курсы,&plus;116,nan,"4,3k"
Минуточку внимания,&plus;46,72,"97,4k"
C2x: будущий стандарт C,&plus;69,24,"22,5k"
Зачем это читать?,&plus;45,51,"17,1k"
"Мне надоело, что обычные продавцы выдают себя за разработчиков и позорят индустрию. Они делают мир хуже",&plus;58,15,"14,2k"
Реальная стоимость жизни в Кремниевой Долине для разработчика,&plus;116,680,127k
«Я — первый слепой разработчик в своей компании». Часть 1,&plus;42,72,"97,4k"
Монитор объемного изображения,&plus;32,104,"62,7k"
Все нововведения Windows 10 2004 (20H1),&plus;47,304,"60,8k"
Приложение «Социальный мониторинг» было сделано из трекера мусоровозов,&plus;268,142,215k
Самое читаемоеМинуточку внимания,&plus;58,105,183k
"Данные всех стран, не объединяйтесь",&plus;68,680,127k
Apple Watch за недорого: как меня хотели «развести» на Авито и Юле,nan,194,126k
,nan,nan,"4,1k"
Mein Linux,nan,nan,"9,8k"
Юлия → Iuliia. Всё о транслитерации,nan,nan,"10,1k"
Подготовка к собеседованиям в IT-гиганты: как я преодолела проклятье алгоритмического собеседования,nan,nan,"1,9k"
"C++ быстрее и безопаснее Rust, Yandex сделала замеры",nan,nan,"97,4k"
      ,&plus;116,nan,"4,3k"
Как воспитать здорового довольного червя: разбираем инструкцию 1910 года,&plus;46,72,"97,4k"
Знаменитые дизайнеры vs научные исследования про читаемость шрифтов,&plus;69,24,"22,5k"
        Курсы,&plus;45,51,"17,1k"
Минуточку внимания,&plus;58,15,"14,2k"
Пайка компонентов 0201. Слабонервных просьба удалиться от экранов,&plus;116,680,127k
Стилер паролей в антивирусном ПО Avira Free Antivirus,&plus;42,72,"97,4k"
Дисклеймер:,&plus;32,104,"62,7k"
"Как стать долларовым миллионером за 30 лет, лежа на диване",&plus;47,304,"60,8k"
Как мы написали крутейший в мире автопилот для маневрового тепловоза,&plus;268,142,215k
Как я на карантине работу искал,&plus;58,105,183k
Самое читаемоеМинуточку внимания,&plus;68,680,127k
Осторожнее с редактированием bash-скриптов,nan,194,126k
,nan,nan,"4,1k"
SARS нерукотворный? Генеалогия уханьского коронавируса,nan,nan,"9,8k"
Как SEO-оптимизация уничтожила интернет,nan,nan,"10,1k"
Как SEO-оптимизация и алгоритмы Google уничтожили настоящий интернет,nan,nan,"1,9k"
      ,nan,nan,"97,4k"
Как разрушалась личность блестящего молодого программиста,&plus;116,nan,"4,3k"
"Яндекс, самоизолируй свой индекс (или когда нужно думать о последствиях)",&plus;46,72,"97,4k"
Минуточку внимания,&plus;69,24,"22,5k"
"Как вирус Эбола научил нас работать с данными про заражения, а мы забыли все его уроки",&plus;45,51,"17,1k"
Кто такие вирусы?Самое читаемоеМинуточку внимания,&plus;58,15,"14,2k"
      Средняя зарплата в IT,&plus;116,680,127k
В рамках импортозамещения Москва закупает ПО Microsoft на 90 млн рублей,&plus;42,72,"97,4k"
"Главная причина, почему не Linux",&plus;32,104,"62,7k"
Как я отказался от вычисления квадратного корня,&plus;47,304,"60,8k"
Минисериал: троичный компьютер своими руками,&plus;268,142,215k
Вирус и антибиотики: нежный ликбез для паникующих,&plus;58,105,183k
Маски сброшены,&plus;68,680,127k
Защита и взлом Xbox 360 (Часть 2),nan,194,126k
,nan,nan,"4,1k"
Что происходит в «Пиковой даме» Пушкина и во что они играют?,nan,nan,"9,8k"
"В софте всё восхитительно, но все недовольны",nan,nan,"10,1k"
Почему мы испортили индикаторные светодиоды и что нужно менять,nan,nan,"1,9k"
Великий египетский фаерволл,nan,nan,"97,4k"
Нужно ли курить для защиты от SARS-CoV-2,&plus;116,nan,"4,3k"
      ,&plus;46,72,"97,4k"
Искажение смертности,&plus;69,24,"22,5k"
Как все начиналось,&plus;45,51,"17,1k"
Часть первая. Конфликт,&plus;58,15,"14,2k"
История моей трудовой деятельности в ООО «Опен Продукт»,&plus;116,680,127k
        Курсы,&plus;42,72,"97,4k"
Минуточку внимания,&plus;32,104,"62,7k"
"Синдром бога: история о том, как главный инфекционист Ставропольского края коронавирус распространял(а)*",&plus;47,304,"60,8k"
Доверительный интервал для числа заболевших коронавирусом (расчёт по летальности),&plus;268,142,215k
Самодельный лазер на парах марганца,&plus;58,105,183k
Простая самодельная VGA видеокарта,&plus;68,680,127k
Пост хвастовства домашними офисами,nan,194,126k
,nan,nan,"4,1k"
Хабр Конвертер: чтобы версталось легко,nan,nan,"9,8k"
Повелитель мух,nan,nan,"10,1k"
      ,nan,nan,"1,9k"
Эволюция теории струн до М-теории,nan,nan,"97,4k"
Почему об этом стоит задуматься всем: ответы на самые актуальные вопросы о коронавирусе Covid-19,&plus;116,nan,"4,3k"
Минуточку внимания,&plus;46,72,"97,4k"
Полиграфистки сходят с ума по одной,&plus;69,24,"22,5k"
Масло и водка: как мы избавляем ноутбуки от стикеров,&plus;45,51,"17,1k"
Самодельный лидар: OpenTOFLidar,&plus;58,15,"14,2k"
"Коронавирус: филогения, курение, летальность и снижение рисков заболеть",&plus;116,680,127k
"Zip-файлы: история, объяснение и реализация",&plus;42,72,"97,4k"
Хельсинки: город счастья и уюта,&plus;32,104,"62,7k"
Почему ICQ потерял древнего пользователя после покупки Mail.Ru,&plus;47,304,"60,8k"
Фишеры icloud и где они обитают,&plus;268,142,215k
"Как я взломал мошенников, или просто внутренности фишинг-панелей",&plus;58,105,183k
Коронавирус: почему надо действовать прямо сейчас,&plus;68,680,127k
Самое читаемоеМинуточку внимания,nan,194,126k
,nan,nan,"4,1k"
"Когда я слышу слова «нейросеть восстановила», я лезу проверять бэкапы",nan,nan,"9,8k"
"Четвертушка Ethernet-а: старая скорость, новые возможности",nan,nan,"10,1k"
Самодельная подводная лодка с надводной wi-fi антенной,nan,nan,"1,9k"
"Тёплый, ламповый и очень опасный",nan,nan,"97,4k"
      ,&plus;116,nan,"4,3k"
Загружаем и храним в Google Drive файлы любого размера бесплатно. Баг или Фича?,&plus;46,72,"97,4k"
"[Flipper Zero] отказываемся от Raspberry Pi, делаем собственную плату с нуля. Поиск правильного WiFi чипа",&plus;69,24,"22,5k"
Минуточку внимания,&plus;45,51,"17,1k"
Большое красно-синее надувательство,&plus;58,15,"14,2k"
Полная домашняя автоматизация в новостройке,&plus;116,680,127k
      Средняя зарплата в IT,&plus;42,72,"97,4k"
Объяснение: почему wc на Haskell оказался «быстрее» аналога на С,&plus;32,104,"62,7k"
Намибия: инфраструктура и что лучше знать до поездки,&plus;47,304,"60,8k"
"Андрей Зарецкий, Александр Труханов: «Гонорара хватило, чтобы кофе попить»",&plus;268,142,215k
Самое читаемоеМинуточку внимания,&plus;58,105,183k
Пластмассовый выстрел: атипичные патроны,&plus;68,680,127k
"Как мы потеряли «Мир»: пожар на космической станции, столкновение с грузовиком «Прогресс», разгерметизация",nan,194,126k
,nan,nan,"4,1k"
Как в Намибии защищают диких животных + IoT-ошейники,nan,nan,"9,8k"
Как правильно раздавать котят,nan,nan,"10,1k"
      ,nan,nan,"1,9k"
Samsung удалённо блокирует свои «серые» Smart TV в России. UPD — заявление Samsung,nan,nan,"97,4k"
Открытое письмо компании Mail.ru об игре «Аллоды II: Повелитель душ»,&plus;116,nan,"4,3k"
"Или как понять, что ваш дизайн уже пора выкинуть, и как сделать новыйМинуточку внимания",&plus;46,72,"97,4k"
Раздача котят по DHCPРаздача котят по HTTPS,&plus;69,24,"22,5k"
Самодельный рекуператор для загородного дома с КПД 80%,&plus;45,51,"17,1k"
Заметки о жизни в США,&plus;58,15,"14,2k"
      Средняя зарплата в IT,&plus;116,680,127k
Российское приборостроение: вертели мы ваш дизайн на пальцах,&plus;42,72,"97,4k"
Пушка Гаусса,&plus;32,104,"62,7k"
"Бывший главред TJ о письмах из ФСБ: будет история «Дуров 2.0», но хедлайнером станет Хабр",&plus;47,304,"60,8k"
Гонки космических шпионов,&plus;268,142,215k
Самое читаемоеМинуточку внимания,&plus;58,105,183k
Как я забросил игру спустя четыре года разработки,&plus;68,680,127k
Речевой бот в банке — худший UX ever,nan,194,126k
,nan,nan,"4,1k"
Чешские программисты бесплатно написали сайт стоимостью 16 миллионов евро? Правда?,nan,nan,"9,8k"
Реверс USB-SATA-адаптера (история одного стажера),nan,nan,"10,1k"
ЭВМ «Таймыр» — эволюция наоборот,nan,nan,"1,9k"
      ,nan,nan,"97,4k"
Кто есть кто в мировой микроэлектронике,&plus;116,nan,"4,3k"
Минуточку внимания,&plus;46,72,"97,4k"
У меня нулевая текучка,&plus;69,24,"22,5k"
"Справочник по собеседованиям для тех программистов, которые их не понимают",&plus;45,51,"17,1k"
      Средняя зарплата в IT,&plus;58,15,"14,2k"
Независимые браузеры более не конкурентоспособны,&plus;116,680,127k
Самое читаемоеМинуточку внимания,&plus;42,72,"97,4k"
Как настроить китайский левитрон,&plus;32,104,"62,7k"
С какими видами мошенничества я сталкивался на фрилансе и аутсорсе,&plus;47,304,"60,8k"
Почему Discord переходит с Go на Rust,&plus;268,142,215k
Коронавирусы: от SARS к 2019-nCoV,&plus;58,105,183k
  ,&plus;68,680,127k
"Чему меня, как разработчика, научили аварии в космосе",nan,194,126k
,nan,nan,"4,1k"
Гиперкуб. Как мы обеспечили разработчиков тестовыми устройствами и не потеряли их,nan,nan,"9,8k"
Уходя уходи: почему не стоит принимать контроффер,nan,nan,"10,1k"
Не боги горшки обжигают,nan,nan,"1,9k"
С чего всё началось,nan,nan,"97,4k"
      ,&plus;116,nan,"4,3k"
ДисклеймерРазработчики действительно УЖЕ не элита,&plus;46,72,"97,4k"
        Курсы,&plus;69,24,"22,5k"
Минуточку внимания,&plus;45,51,"17,1k"
Разбираем цифровые часы с космического корабля «Союз»,&plus;58,15,"14,2k"
Карма — это приглашение на вечеринку,&plus;116,680,127k
"Краткая история космических микропроцессоров, часть первая",&plus;42,72,"97,4k"
Современные принтеры HP отказываются работать без подписки на чернила,&plus;32,104,"62,7k"
"Пишем драйвер для ноутбука for fun and profit, или как закоммитить в ядро даже если ты дурак",&plus;47,304,"60,8k"
Неблагодарный opensource: разработчик самого быстрого веб сервера удалил его репозиторий,&plus;268,142,215k
Чтобы пацанам было не стыдно показать,&plus;58,105,183k
Чем программирование сегодня отличается от программирования 20 лет назад?,&plus;68,680,127k
Разбор демки на 128 байт из архива 1997 года,nan,194,126k
,nan,nan,"4,1k"
"Пропаганда тоталитарного режима, антисемитизм и гомофобия в учебнике по программированию 2019 года? — Это возможно",nan,nan,"9,8k"
"Почему задние фонари на Cadillac XLR могут стоить больше, чем подержанная Corolla",nan,nan,"10,1k"
      ,nan,nan,"1,9k"
Обратный поиск изображений: руководство от детективного агентства Bellingcat,nan,nan,"97,4k"
Из хорошей идеи не всегда выходит бизнес,&plus;116,nan,"4,3k"
Прекращаем ставить диод 2,&plus;46,72,"97,4k"
        Курсы,&plus;69,24,"22,5k"
Минуточку внимания,&plus;45,51,"17,1k"
Заметки фитохимика 2020. Гречка или Повесть о народной крупе,&plus;58,15,"14,2k"
Освободи свой Android,&plus;116,680,127k
Какие английские слова IT-лексикона мы неправильно произносим чаще всего,&plus;42,72,"97,4k"
"Разработчики — никакая не элита, а голые короли индустрии",&plus;32,104,"62,7k"
Методы борьбы с воровством в кружке робототехники,&plus;47,304,"60,8k"
Дейкстра: Величайшей победой Запада в холодной войне над СССР был переход на IBM — myth busted,&plus;268,142,215k
Самое читаемоеМинуточку внимания,&plus;58,105,183k
"10 признаков того, что хороший программист из вас не получится",&plus;68,680,127k
"Всё, что вы хотели знать о МАС адресе",nan,194,126k
,nan,nan,"4,1k"
Краткая и на 146% точная история языков программирования,nan,nan,"9,8k"
Так ли хорош PocketBook?,nan,nan,"10,1k"
      ,nan,nan,"1,9k"
Как чиновники Московской области измеряют загрязнение воздуха,nan,nan,"97,4k"
"Какие бы у меня возникли проблемы, если бы я боролся за гендерный баланс в ИТ?",&plus;116,nan,"4,3k"
Процессорные войны. История синего зайца и красной черепахи,&plus;46,72,"97,4k"
Памятка по борьбе с алкоголем или Как пережить фуршеты,&plus;69,24,"22,5k"
Как я чуть не выкинул 150к на ветер или история установки приточной вентиляции в квартире,&plus;45,51,"17,1k"
23 минуты. Оправдание тугодумов,&plus;58,15,"14,2k"
Как работают квантовые компьютеры. Собираем паззл,&plus;116,680,127k
В поисках серебряной пули: необычные патроны,&plus;42,72,"97,4k"
"Немного истории, истоков и революцииМинуточку внимания",&plus;32,104,"62,7k"
18001842,&plus;47,304,"60,8k"
Инженерный подход к подаркам,&plus;268,142,215k
"Человек, создавший «худшую в мире видеоигру»",&plus;58,105,183k
Самое читаемоеМинуточку внимания,&plus;68,680,127k
Кинологическая служба аэропорта: вас уже обнюхали,nan,194,126k
,nan,nan,"4,1k"
"Atlas Shrugged, или поворот не туда",nan,nan,"9,8k"
Как я нашел способ отследить всех водителей «Ситимобил»,nan,nan,"10,1k"
Я/МЫ не Айхор-хостинг. Или как плюнуть в лицо отрасли,nan,nan,"1,9k"
      ,nan,nan,"97,4k"
Минуточку внимания,&plus;116,nan,"4,3k"
Что на самом деле значит наезд Rambler Group на Nginx и к чему готовиться онлайн-индустрии,&plus;46,72,"97,4k"
Скрытая активация камеры браузерами: Большой Брат или технологический просчёт?,&plus;69,24,"22,5k"
Официальная позиция Программных комитетов Highload++ и других IT-конференций на претензии к Игорю Сысоеву и Максиму Коновалову,&plus;45,51,"17,1k"
Официальная позиция Программных комитетов Highload++ и других IT-конференций на претензии к Игорю Сысоеву…,&plus;58,15,"14,2k"
Как я публиковал научную статью в Nature,&plus;116,680,127k
      Средняя зарплата в IT,&plus;42,72,"97,4k"
"Я выступил против некомпетентного менеджера, а его потом повысили",&plus;32,104,"62,7k"
Open source – наше всё,&plus;47,304,"60,8k"
Возвращение солидарности: айтишникам и фрилансерам нужно организовываться,&plus;268,142,215k
"Позиция инженерной команды Okko по событиям, связанным с Nginx",&plus;58,105,183k
Самое читаемоеМинуточку внимания,&plus;68,680,127k
"В 2011 году уже обсуждался вопрос, кому принадлежит Nginx — Игорю Сысоеву или «Рамблеру»",nan,194,126k
,nan,nan,"4,1k"
Правда о железнодорожных тормозах: часть 1,nan,nan,"9,8k"
"Функциональное программирование — это не то, что нам рассказывают",nan,nan,"10,1k"
"[Обновлено в 10:52, 14.12.19] В офисе Nginx прошел обыск. Копейко: «Nginx был разработан Сысоевым самостоятельно»",nan,nan,"1,9k"
Давным-давно…,nan,nan,"97,4k"
      ,&plus;116,nan,"4,3k"
Y-метод — действительно простой способ собрать кубик Рубика,&plus;46,72,"97,4k"
Простые числа — насколько велико наше бессилие?,&plus;69,24,"22,5k"
"Тостер, Мой круг и Фрилансим становятся частью Хабра",&plus;45,51,"17,1k"
Вышел PHP 7.4! Как Badoo переходит на новую версию,&plus;58,15,"14,2k"
        Курсы,&plus;116,680,127k
Минуточку внимания,&plus;42,72,"97,4k"
Другие материалы по теме:,&plus;32,104,"62,7k"
Как проверить паспорт на действительность,&plus;47,304,"60,8k"
Открытые данные. Роскосмос. Догоним Америку,&plus;268,142,215k
Flipper Zero — пацанский мультитул-тамагочи для пентестера,&plus;58,105,183k
Венеция: дикий профит на паре голых скал,&plus;68,680,127k
Полярные сияния на планетах Солнечной системы,nan,194,126k
,nan,nan,"4,1k"
10 лет на удаленке и что из этого вышло,nan,nan,"9,8k"
"Как FL.ru обманывает пользователей, продавая одну услугу два раза, нарушая собственные правила",nan,nan,"10,1k"
"«Иволга 2.0» — поезд, на котором вы поедете по МЦД",nan,nan,"1,9k"
Как спроектировать корпус для прибора. Полное руководство,nan,nan,"97,4k"
"Если вы что-то создаёте, избегайте расписания менеджера",&plus;116,nan,"4,3k"
"Значит, хотите запустить Windows 10 на калькуляторе? Ну ладно",&plus;46,72,"97,4k"
Хабра-детектив на выходных,&plus;69,24,"22,5k"
      ,&plus;45,51,"17,1k"
Ко дню рождения Юрия Кнорозова: изучаем основы письменности Майя,&plus;58,15,"14,2k"
        Курсы,&plus;116,680,127k
Минуточку внимания,&plus;42,72,"97,4k"
"Юрий Рябцев: «Первый перехват баллистической ракеты — событие, примерно равное полету Гагарина»",&plus;32,104,"62,7k"
Самый беззащитный — это Сапсан,&plus;47,304,"60,8k"
"Я больше не хочу работать, никогда и ни над чем. Но из меня научились выжимать результаты",&plus;268,142,215k
Пишем USB-драйверы для заброшенных устройств,&plus;58,105,183k
"Канадская компания разработала материал, делающий вас невидимыми",&plus;68,680,127k
Самое читаемоеМинуточку внимания,nan,194,126k
,nan,nan,"4,1k"
Как не нужно составлять согласие на обработку персональных данных,nan,nan,"9,8k"
Обыскать 314 км² за 10 часов — финальное сражение инженеров-поисковиков против леса,nan,nan,"10,1k"
      ,nan,nan,"1,9k"
Как фантаст Артур Кларк чуть не закрыл журнал «Техника — молодежи»,nan,nan,"97,4k"
        Курсы,&plus;116,nan,"4,3k"
Минуточку внимания,&plus;46,72,"97,4k"
Хроники книжного голода,&plus;69,24,"22,5k"
Оптический удлинитель HDMI. 300 метров,&plus;45,51,"17,1k"
Что не так с экспериментом Microsoft про 4-х дневную неделю или не теряем голову при виде 40% эффективности,&plus;58,15,"14,2k"
История одного хака или не злите программиста,&plus;116,680,127k
Дискриминация сотрудников по возрасту — беспощадная и бессмысленная,&plus;42,72,"97,4k"
Ретропоезд с паровозом,&plus;32,104,"62,7k"
Исследование многократного перезалива JPEG,&plus;47,304,"60,8k"
Самое читаемоеМинуточку внимания,&plus;268,142,215k
"Город засыпает, просыпаются хабровчане",&plus;58,105,183k
Компания GitLab из-за политики прекращает набор инженеров из России и Китая,&plus;68,680,127k
Вымирание компьютерных файлов,nan,194,126k
,nan,nan,"4,1k"
Как подсидеть тимлида,nan,nan,"9,8k"
Неожиданная красота простых чисел,nan,nan,"10,1k"
Человек с четырьмя «эн» или Советский Нострадамус,nan,nan,"1,9k"
      ,nan,nan,"97,4k"
"Телефонные мошенники. Действие второе, в котором я срываюсь и бегу до ближайшего банкомата",&plus;116,nan,"4,3k"
Я в одиночку отрефакторил 15 тысяч строк легаси. Это были худшие две недели в жизни,&plus;46,72,"97,4k"
В Россию начали завозить радиоактивные отходы из Европы? Разбираемся,&plus;69,24,"22,5k"
        Курсы,&plus;45,51,"17,1k"
Минуточку внимания,&plus;58,15,"14,2k"
Верификация пользователей в Китае и социальный кредит,&plus;116,680,127k
Маркетинговые фишки от Pornhub: чему учит самый трогательный сайт современности,&plus;42,72,"97,4k"
Как «Матрица» создала пуленепробиваемое наследие,&plus;32,104,"62,7k"
Собираем Perl прямиком из 1987 года,&plus;47,304,"60,8k"
Щирый украинец Незнайка или Как киевляне не угадали,&plus;268,142,215k
Невидимая фотография,&plus;58,105,183k
О чём речь?Самое читаемоеМинуточку внимания,&plus;68,680,127k
Фотоаппарат на дискетах: 8 интересных фактов о Sony Mavica MVC-FD85 (много картинок),nan,194,126k
,nan,nan,"4,1k"
Как уязвимость в Яндекс.Станции вдохновила меня на проект: Музыкальная передача данных,nan,nan,"9,8k"
      ,nan,nan,"10,1k"
Unix-пароль Кена Томпсона,nan,nan,"1,9k"
Доброшрифт,nan,nan,"97,4k"
Минуточку внимания,&plus;116,nan,"4,3k"
Заказы,&plus;46,72,"97,4k"
Мой опыт работы в Фирме 1С,&plus;69,24,"22,5k"
9 лучших опенсорс находок за сентябрь 2019,&plus;45,51,"17,1k"
Реверс инжиниринг протокола активации Яндекс.Станции,&plus;58,15,"14,2k"
"Привет, люди с аутистическими нарушениями",&plus;116,680,127k
Как я проработала 3 месяца в Я.Маркете и уволилась,&plus;42,72,"97,4k"
"Я мотоцикл покупал, чтобы ездить, а не чтобы падать",&plus;32,104,"62,7k"
      Средняя зарплата в IT,&plus;47,304,"60,8k"
Рендеринг текста вас ненавидит,&plus;268,142,215k
Как выглядело бы Московское метро в трехмерном мире,&plus;58,105,183k
Самое читаемоеМинуточку внимания,&plus;68,680,127k
  ,nan,194,126k
,nan,nan,"4,1k"
"Вещество и антивещество: что это такое, в чем разница и при чем тут нейтрино",nan,nan,"9,8k"
Почему MS-DOS именно две секунды хранит буфер чтения флоппи?,nan,nan,"10,1k"
      ,nan,nan,"1,9k"
Кармическое проклятье Хабра,nan,nan,"97,4k"
        Курсы,&plus;116,nan,"4,3k"
Минуточку внимания,&plus;46,72,"97,4k"
Новая игра со старой атмосферой на Three.js,&plus;69,24,"22,5k"
Вопросы будущему работодателю,&plus;45,51,"17,1k"
Эволюционирующие клеточные автоматы,&plus;58,15,"14,2k"
"Насколько региональные зарплаты разработчиков отличаются от московских, если учесть стоимость жизни",&plus;116,680,127k
Древности: рассматриваем материнскую плату 386-го компьютера,&plus;42,72,"97,4k"
"Частный поезд, который когда-то поломал представления об удобстве",&plus;32,104,"62,7k"
Rutracker включил eSNI. Конец эпохи DPI и конец блокировок,&plus;47,304,"60,8k"
Благодаря двухфакторной аутентификации я лишился всех вложенных денег и 3 лет работы,&plus;268,142,215k
Самое читаемоеМинуточку внимания,&plus;58,105,183k
"Десктоп мертв, да здравствует десктоп! Собираю хабрастатистику",&plus;68,680,127k
Я вам перезвоню,nan,194,126k
,nan,nan,"4,1k"
Ближе к земле: как я сменил коворкинг на дом в деревне,nan,nan,"9,8k"
"Чего нельзя требовать и за что нельзя хвалить сотрудников, если вы хотите, чтобы они хорошо работали",nan,nan,"10,1k"
Что умеют делать наручные часы кроме показа времени и как выбрать свои первые часы,nan,nan,"1,9k"
      ,nan,nan,"97,4k"
Почему я отказался от работы в AWS,&plus;116,nan,"4,3k"
Расследование: странные программы в Реестре отечественного ПО,&plus;46,72,"97,4k"
Разработка кода не глядя,&plus;69,24,"22,5k"
Минуточку внимания,&plus;45,51,"17,1k"
Почему для открытия меню Windows читает один файл сто тысяч раз?,&plus;58,15,"14,2k"
Неконкурентные «преимущества» Билайн,&plus;116,680,127k
Как программист банк выбирал и договора читал,&plus;42,72,"97,4k"
Кто не спрятался – я не виноват (история скрытности в авиации),&plus;32,104,"62,7k"
Самое читаемоеМинуточку внимания,&plus;47,304,"60,8k"
"Как разработчик, я никогда не знаю себе цену, потому что её нет. Но вся система построена так, как будто она есть",&plus;268,142,215k
Кольская АЭС или стоя на реакторе,&plus;58,105,183k
Исповедь docker хейтера,&plus;68,680,127k
[ВОЗМОЖНО] СОРМ расшифровывает HTTPS трафик к Mail.ru и ICQ,nan,194,126k
,nan,nan,"4,1k"
Алкоголизм последней стадии,nan,nan,"9,8k"
"Когда история ненастоящая: винзавод «Коктебель», фейковые вина и уроки маркетинга",nan,nan,"10,1k"
Почему в Google Play мало инновационных приложений или почему иногда программирование — это магия,nan,nan,"1,9k"
Как развернуть односвязный список на собеседовании,nan,nan,"97,4k"
      ,&plus;116,nan,"4,3k"
Как я не занял первое место в конкурсе для JavaScript-разработчиков от Telegram,&plus;46,72,"97,4k"
Минуточку внимания,&plus;69,24,"22,5k"
Telegram наносит ответный удар DPI и блокировкам — Fake TLS,&plus;45,51,"17,1k"
Разбираемся с латинскими сокращениями и фразами в английском языке,&plus;58,15,"14,2k"
Изначально неработоспособен: как выжить с ноутом на Windows 10 и 32-гиговым накопителем,&plus;116,680,127k
Как политика 19 века повлияла на расположение дата-центров сегодня,&plus;42,72,"97,4k"
Steam Windows Client Local Privilege Escalation 0day,&plus;32,104,"62,7k"
Распознавание лиц на стройке,&plus;47,304,"60,8k"
Валютный рынок и финансовая инженерия в Средние века,&plus;268,142,215k
Самое читаемоеМинуточку внимания,&plus;58,105,183k
"Как устроена защита детей от информации — и феерическая история про то, откуда она сначала взялась (18+)",&plus;68,680,127k
Самодельный лазер на парах хлорида меди,nan,194,126k
,nan,nan,"4,1k"
DeviceLock DLP: Цены российского черного рынка на пробив персональных данных (плюс ответ на ответ Тинькофф Банка),nan,nan,"9,8k"
"Про котэ, жену, двух сыновей, идею… и не только. История с продолжением",nan,nan,"10,1k"
Как я Telegram ломал,nan,nan,"1,9k"
Про пытки Джулиана Ассанжа,nan,nan,"97,4k"
      ,&plus;116,nan,"4,3k"
Почему Senior Developer'ы не могут устроиться на работу,&plus;46,72,"97,4k"
        Курсы,&plus;69,24,"22,5k"
Минуточку внимания,&plus;45,51,"17,1k"
Онлайн игра с реальными RC роботами в Чернобыле. Часть 2,&plus;58,15,"14,2k"
Заказы,&plus;116,680,127k
Как мы сделали движок и игру на нем за полтора года,&plus;42,72,"97,4k"
Революция закончилась. Есть ли альтернатива литий-ионному аккумулятору?,&plus;32,104,"62,7k"
Самое читаемоеМинуточку внимания,&plus;47,304,"60,8k"
Почему отписка от рассылки занимает несколько дней?,&plus;268,142,215k
Со склада в Дагестане — в программисты: как я стал iOS-разработчиком с нуля,&plus;58,105,183k
Как мы запустили роботов в маленький Чернобыль. Часть 1,&plus;68,680,127k
Новый подход может помочь нам избавиться от вычислений с плавающей запятой,nan,194,126k
,nan,nan,"4,1k"
На пенсию в 22,nan,nan,"9,8k"
Похождения электронной подписи в России,nan,nan,"10,1k"
«Сгоревшие» сотрудники: есть ли выход?,nan,nan,"1,9k"
Поддельная «голубая пилюля»,nan,nan,"97,4k"
      ,&plus;116,nan,"4,3k"
Билайн показывает рекламу боту Google. Бот недоволен,&plus;46,72,"97,4k"
Что случилось с GALILEO — версия программиста GNSS,&plus;69,24,"22,5k"
Минуточку внимания,&plus;45,51,"17,1k"
Почему сериал «Чернобыль» настолько плохо описал ядерную энергию,&plus;58,15,"14,2k"
"10 лет в IT с диагнозом шизофрения, советы по выживанию",&plus;116,680,127k
"Нейросеть в стекле. Не требует электропитания, распознаёт цифры",&plus;42,72,"97,4k"
"В Россию приезжает отец Free Software, Ричард Столлман. Ищем того, кто готов на пару дней его приютить",&plus;32,104,"62,7k"
      Средняя зарплата в IT,&plus;47,304,"60,8k"
Высокотехнологичные нигерийские письма,&plus;268,142,215k
"Выжить в лобовом столкновении, и почему амнезия это не то, что вы думаете",&plus;58,105,183k
Ещё лучшая ZIP-бомба,&plus;68,680,127k
Самое читаемоеМинуточку внимания,nan,194,126k
,nan,nan,"4,1k"
"Будни техподдержки: байки про то, что бывает, когда не можешь дойти до юзера",nan,nan,"9,8k"
Чему я научился на своём горьком опыте (за 30 лет в разработке ПО),nan,nan,"10,1k"
Как делать сайты в 2019 году,nan,nan,"1,9k"
      ,nan,nan,"97,4k"
«Мы всегда верили в конкуренцию и право выбора пользователя» © Яндекс,&plus;116,nan,"4,3k"
"Веб стремительно меняется, не отставай и ты!Обязательно дайте пользователю знать, что у сайта есть мобильное приложение",&plus;46,72,"97,4k"
Минуточку внимания,&plus;69,24,"22,5k"
Государственные учреждения страны теперь должны делать общедоступным весь разработанный для них код,&plus;45,51,"17,1k"
"«Мобильный контент» бесплатно, без смс и регистраций. Подробности мошенничества от Мегафона",&plus;58,15,"14,2k"
Расцвет и упадок Visual Basic,&plus;116,680,127k
"Софт для Boeing-737 Max писался аутсорсерами, зарабатывающими $9 в час",&plus;42,72,"97,4k"
Глина → Кирпич → Печь,&plus;32,104,"62,7k"
Мобильный телефон BuratinoPhone,&plus;47,304,"60,8k"
Проекции карт: о чём на самом деле шутит xkcd,&plus;268,142,215k
Самое читаемоеМинуточку внимания,&plus;58,105,183k
Будни дата-центра: неочевидные мелочи за 7 лет эксплуатации. И продолжение про крысу,&plus;68,680,127k
Про антилопу в противогазе и розовые солёные озёра,nan,194,126k
,nan,nan,"4,1k"
"Лопнул ли пузырь машинного обучения, или начало новой зари",nan,nan,"9,8k"
      ,nan,nan,"10,1k"
Анализ сишного Hello World,nan,nan,"1,9k"
Сканер портов в личном кабинете Ростелекома,nan,nan,"97,4k"
Минуточку внимания,&plus;116,nan,"4,3k"
Как прийти в небо и стать пилотом,&plus;46,72,"97,4k"
Турбореактивные двигатели,&plus;69,24,"22,5k"
"Осторожный переезд в Нидерланды с женой. Часть 3: работа, коллеги и прочая жизнь",&plus;45,51,"17,1k"
Сон — это главный ресурс для мозга программиста,&plus;58,15,"14,2k"
      Средняя зарплата в IT,&plus;116,680,127k
Осторожно доктор,&plus;42,72,"97,4k"
Telegram. Безлимитный сетевой диск. Бесплатный,&plus;32,104,"62,7k"
"Аппаратное ускорение глубоких нейросетей: GPU, FPGA, ASIC, TPU, VPU, IPU, DPU, NPU, RPU, NNP и другие буквы",&plus;47,304,"60,8k"
Самое читаемоеМинуточку внимания,&plus;268,142,215k
Старикам здесь не место? Программируем после тридцати пяти,&plus;58,105,183k
"HBO, cпасибо что напомнил… «Чернобыльская аптечка» беларуского фармацевта",&plus;68,680,127k
Используйте __main__.py,nan,194,126k
,nan,nan,"4,1k"
Уличная магия сравнения кодеков. Раскрываем секреты,nan,nan,"9,8k"
Советские мечты о будущем,nan,nan,"10,1k"
"Авторы GandCrab прекращают работу: они уверяют, что украли достаточно",nan,nan,"1,9k"
      ,nan,nan,"97,4k"
        Курсы,&plus;116,nan,"4,3k"
Минуточку внимания,&plus;46,72,"97,4k"
Arduino и Raspberry вне закона,&plus;69,24,"22,5k"
Реставрируем фотографии с помощью нейросетей,&plus;45,51,"17,1k"
"Япония: страна настолько здравого смысла, что он для нас местами иррационален",&plus;58,15,"14,2k"
"Я получил от Кнута чек на 0x$3,00",&plus;116,680,127k
"Умный парсер числа, записанного прописью",&plus;42,72,"97,4k"
Самое читаемоеМинуточку внимания,&plus;32,104,"62,7k"
Онлайн-кассы как легальный отъем денег у бизнеса,&plus;47,304,"60,8k"
Осторожный переезд в Нидерланды с женой и ипотекой. Часть 1: поиск работы,&plus;268,142,215k
Бизнес на свои: книга с тактикой прохождения этой игры,&plus;58,105,183k
Мошенники и ЭЦП — всё очень плохо,&plus;68,680,127k
Нейронные сети предпочитают текстуры и как с этим бороться,nan,194,126k
,nan,nan,"4,1k"
Популярные заблуждения про радиационную стойкость микросхем,nan,nan,"9,8k"
"Как мы боремся с копированием контента, или первая adversarial attack в проде",nan,nan,"10,1k"
      ,nan,nan,"1,9k"
Опусы про Его Величество Клей. Часть первая — вводная,nan,nan,"97,4k"
Я выставил счёт $18 000 за статичную веб-страничку… и мне это сошло с рук,&plus;116,nan,"4,3k"
Теперь хороших разрабов меряют по просмотрам и подписчикам — и это плохо,&plus;46,72,"97,4k"
        Курсы,&plus;69,24,"22,5k"
Минуточку внимания,&plus;45,51,"17,1k"
Что там такого интересного в Транссибирской магистрали?,&plus;58,15,"14,2k"
Представляем Windows Terminal,&plus;116,680,127k
Довольно вычурные «Начала» Евклида в TeX-е,&plus;42,72,"97,4k"
Математики обнаружили идеальный способ перемножения чисел,&plus;32,104,"62,7k"
Как нам обустроить Мегафон,&plus;47,304,"60,8k"
Самое читаемоеМинуточку внимания,&plus;268,142,215k
Почему WhatsApp никогда не станет безопасным,&plus;58,105,183k
Инновации по-русски,&plus;68,680,127k
В этой статье слишком много воды,nan,194,126k
,nan,nan,"4,1k"
Самые интересные яды,nan,nan,"9,8k"
10 мифов о бешенстве,nan,nan,"10,1k"
Разбираем концовку «Чужого»,nan,nan,"1,9k"
Самые страшные яды,nan,nan,"97,4k"
"Поймай меня, если сможешь. Версия менеджера",&plus;116,nan,"4,3k"
Играем в Тетрис на электромеханическом экране,&plus;46,72,"97,4k"
Печатная плата заменяет два линейных двигателя,&plus;69,24,"22,5k"
      ,&plus;45,51,"17,1k"
"Как понять, что ты действительно бросил курить",&plus;58,15,"14,2k"
Самые интересные металлы,&plus;116,680,127k
        Курсы,&plus;42,72,"97,4k"
Ищем свободное парковочное место с Python,&plus;32,104,"62,7k"
Минуточку внимания,&plus;47,304,"60,8k"
О жёлтом фосфоре и панической природе человека,&plus;268,142,215k
"Выбор телевизора себе, любимому, с позиции науки, а не рекламы",&plus;58,105,183k
Что слышно в радиоэфире? Принимаем и декодируем наиболее интересные сигналы,&plus;68,680,127k
Самые нестрашные яды,nan,194,126k
,nan,nan,"4,1k"
"Под чёрным флагом пост, или Как я не выложил ваш видеокурс на трекер",nan,nan,"9,8k"
Нужно ли чистить строки в JavaScript?,nan,nan,"10,1k"
О простых вещах-сложно. «Cпящая сталь». Чем смазать заржавевшие болты или Не WD-40 единым…,nan,nan,"1,9k"
      ,nan,nan,"97,4k"
Почему нельзя ходить по крылу у края и угол атаки,&plus;116,nan,"4,3k"
Бунт на Пикабу. Пользователи массово уходят на Реддит,&plus;46,72,"97,4k"
Как Мегафон спалился на мобильных подписках,&plus;69,24,"22,5k"
Минуточку внимания,&plus;45,51,"17,1k"
Как я хакера ловил,&plus;58,15,"14,2k"
Разбираем магнитно-резонансный томограф II: Метаматериалы в МРТ,&plus;116,680,127k
Почему путешествия опасны?,&plus;42,72,"97,4k"
Фибоначчи на собеседовании,&plus;32,104,"62,7k"
"Как втиснуть 16 ГБ памяти на материнскую плату, которая не поддерживает такой объём",&plus;47,304,"60,8k"
Виджет vk.com без спроса устанавливает на сайт счетчик от mail.ru,&plus;268,142,215k
Crew Dragon взорвался,&plus;58,105,183k
Самое читаемоеМинуточку внимания,&plus;68,680,127k
Кипр — минутка мягкого психодела,nan,194,126k
,nan,nan,"4,1k"
"Очень важный параметр светодиодных ламп, о котором мало кто знает",nan,nan,"9,8k"
Изготовление плазменных двигателей в России,nan,nan,"10,1k"
      ,nan,nan,"1,9k"
Создание игры «35ММ». Постапокалипсис в России,nan,nan,"97,4k"
GitHub полностью «удалил» репозиторий утилиты для обхода блокировок и весь аккаунт создателя,&plus;116,nan,"4,3k"
Фотография чёрной дыры — будет ли от неё польза?,&plus;46,72,"97,4k"
Космос как смутное воспоминание,&plus;69,24,"22,5k"
Минуточку внимания,&plus;45,51,"17,1k"
"Как заменить лампочку на рабочем месте так, чтобы тебя не уволили?",&plus;58,15,"14,2k"
Почему кремний и почему КМОП?,&plus;116,680,127k
Советская техническая эстетика и технологии,&plus;42,72,"97,4k"
Как вычисляют сумасшедших — 2: блеск и нищета патопсихологической диагностики,&plus;32,104,"62,7k"
      Средняя зарплата в IT,&plus;47,304,"60,8k"
О простых вещах-сложно. Письмо химика 3D-печатнику. Растворители для пластмасс и защита от них,&plus;268,142,215k
Гранд Экспресс: первый частный поезд в России,&plus;58,105,183k
"Сергей Зонов: «Первый „Спектрум“ я сделал потому, что мне было интересно»",&plus;68,680,127k
Самое читаемоеМинуточку внимания,nan,194,126k
