,nan,nan,68k
      ,nan,nan,"13,6k"
"Свершилось: ценники, которые всегда актуальны, пилот на 79 тысяч штук в магазине",nan,nan,"11,4k"
Яндекс.Маркет — темные паттерны монополии,nan,nan,146k
Минуточку внимания,nan,nan,10k
О дивный новый «Мир»! Восстановление советской радиолы. Часть 1,&plus;120,nan,"1,1k"
Изобретение инфляции: как Джон Ло разорил Францию,&plus;152,343,68k
О дивный новый «Мир»! Восстановление советской радиолы. Часть 2,&plus;1,86,146k
Самое читаемоеМинуточку внимания,&plus;53,4,"14,7k"
Как новость про +4 выходных дня уронила нам базу данных,&plus;152,9,"13,6k"
Что недоговаривают Тинькофф Инвестиции. Вытаскиваем все данные по портфелю через API в большую таблицу Excel,&plus;44,86,146k
Большой тест батареек CR2032,&plus;120,110,"71,4k"
Тихая революция и новый дикий запад в ComputerVision,&plus;30,343,68k
"Если вы не чистите зубы, то я их вам почищу: FAQ про гигиену",&plus;47,318,"63,7k"
Обман обманщиков: форк-бомба нового уровня,&plus;268,143,221k
"ДИТ Москвы, коронобесие, большие данные: преступление и наказание",&plus;152,105,184k
Кто есть кто в кампании за отмену Столлмана,&plus;59,86,146k
"Как рекламщики уничтожили электронную почту, и что сейчас они делают с мобильной связью",nan,709,140k
,nan,nan,68k
Чума,nan,nan,"13,6k"
Программирование — это скучная магия,nan,nan,"11,4k"
      ,nan,nan,146k
Собеседование в Яндекс: театр абсурда :/,nan,nan,10k
Минуточку внимания,&plus;120,nan,"1,1k"
Веб на заре Рунета. Как создавали и где хостили сайты в 90-е,&plus;152,343,68k
  ,&plus;1,86,146k
      Средняя зарплата в IT,&plus;53,4,"14,7k"
Валидация UTF-8 меньше чем за одну инструкцию на байт,&plus;152,9,"13,6k"
Перевод статьи «В защиту Ричарда Столлмана»,&plus;44,86,146k
Как и зачем S7 создает собственную ракету,&plus;120,110,"71,4k"
Листая старые подшивки. Взгляд изнутри на компьютерную прессу 90-х,&plus;30,343,68k
Самое читаемоеМинуточку внимания,&plus;47,318,"63,7k"
"Совместная игра в Factorio — лучшее собеседование для программистов, что мы проводили",&plus;268,143,221k
Ответ HR-девицам,&plus;152,105,184k
Уникальный даже в мировой практике — советский проигрыватель Высшего класса «Корвет» 1978 года,&plus;59,86,146k
Скрытые мобильные подписки на хостинге Мегафона,nan,709,140k
,nan,nan,68k
      ,nan,nan,"13,6k"
"Что делать, если украли смартфон",nan,nan,"11,4k"
Минуточку внимания,nan,nan,146k
Билет без некоторых русских букв,nan,nan,10k
Однобитный компьютер,&plus;120,nan,"1,1k"
"«Вам здесь больше не рады...» Или что делать, если вы думаете, что работаете здесь, а начальник думает, что уже нет",&plus;152,343,68k
Как я нашел в публичном доступе исходники нескольких сервисов ФНС,&plus;1,86,146k
"Один бинарник, любое окружение. Магия чистого C",&plus;53,4,"14,7k"
"Flipper Zero — вымученная сертификация, открытие исходников и новые приколдесы",&plus;152,9,"13,6k"
Почему в iPhone до сих пор стоят 12 Мп камеры?,&plus;44,86,146k
50 оттенков жёлтого. Проверяем на практике технологию Retrobright,&plus;120,110,"71,4k"
Возврат предустановленной Windows: Lenovo должна выплатить 20 000 евро в качестве компенсации ущерба,&plus;30,343,68k
Типичные зубы пациента-айтишника: что с ними не так,&plus;47,318,"63,7k"
Самое читаемоеМинуточку внимания,&plus;268,143,221k
Делаем вечную лампочку,&plus;152,105,184k
Изнанка войны. Средневековые (и не только) ранения,&plus;59,86,146k
"Помолчи-ка, программист",nan,709,140k
,nan,nan,68k
      ,nan,nan,"13,6k"
Минуточку внимания,nan,nan,"11,4k"
Никогда такого не было и вот опять. Почему нужно использовать self-hosted VPN. Релиз Amnezia,nan,nan,146k
SQLite — не игрушка,nan,nan,10k
"История жизни и смерти хакера, взломавшего пентагон и NASA в 15 лет",&plus;120,nan,"1,1k"
"Не блокировка, а замедление",&plus;152,343,68k
Спектральный анализ пламени костра. Что делает огонь желтым – наночастицы углерода или соли натрия?,&plus;1,86,146k
Киев-Стокгольм-Харьков-Ивано-Франковск — моя история,&plus;53,4,"14,7k"
Почему у авокадо большая косточка,&plus;152,9,"13,6k"
Самое читаемоеМинуточку внимания,&plus;44,86,146k
Самодельный спектрометр с высоким разрешением,&plus;120,110,"71,4k"
Конструкция космической электроники (ч.1),&plus;30,343,68k
Как и зачем мы внесли 22 тысячи изменений в дизайн Яндекс.Карт,&plus;47,318,"63,7k"
Коронавирус нерукотворный: разбираем гипотезу о лабораторном происхождении SARS-CoV-2,&plus;268,143,221k
Как мы с братом алмаз делали,&plus;152,105,184k
Заметки фитохимика 2021. БОРЩЕВИК,&plus;59,86,146k
        Курсы,nan,709,140k
,nan,nan,68k
      ,nan,nan,"13,6k"
Минуточку внимания,nan,nan,"11,4k"
Поддельные батарейки в магазинах Светофор,nan,nan,146k
"Блэкаут в Техасе. Как нефтегазовый штат остался без топлива, электричества и одной АЭС",nan,nan,10k
Как я сократил время загрузки GTA Online на 70%,&plus;120,nan,"1,1k"
  ,&plus;152,343,68k
      Средняя зарплата в IT,&plus;1,86,146k
"Судьба предателя, угнавшего новейший МиГ-25 в Японию",&plus;53,4,"14,7k"
Ученые случайно обнаружили колонию странных существ подо льдом Антарктиды,&plus;152,9,"13,6k"
Подавление спутниковой навигации на Кремлевской набережной незаконно,&plus;44,86,146k
"Как выжить, если вы падаете со скоростью 190 км/ч с высоты 10 000 метров, и у вас в запасе есть три минуты",&plus;120,110,"71,4k"
Лайфхак: как спарсить гигабайт double-ов в секунду,&plus;30,343,68k
Самое читаемоеМинуточку внимания,&plus;47,318,"63,7k"
Почему Windows около 20 секунд упорядочивает невидимые значки Рабочего стола?,&plus;268,143,221k
Как не спалить закладку полиции?,&plus;152,105,184k
Как мы раскрыли 24-летний баг в ядре Linux,&plus;59,86,146k
"Плохие интерфейсы, или как я ходила на башню Федерация",nan,709,140k
,nan,nan,68k
      ,nan,nan,"13,6k"
На фондовом рынке США сформировался пузырь небывалых размеров,nan,nan,"11,4k"
Минуточку внимания,nan,nan,146k
Как root-права и альтернативные прошивки делают ваш android смартфон уязвимым,nan,nan,10k
Как разработчики бегут из Сан-Франциско,&plus;120,nan,"1,1k"
Что происходит с молодежной наукой в России?,&plus;152,343,68k
Как не оконфузиться при выборе автоматического выключателя,&plus;1,86,146k
Мнимая значимость,&plus;53,4,"14,7k"
ГМО-люди – будущее биотехнологий уже здесь,&plus;152,9,"13,6k"
Ответ: что же происходит с наукой в России,&plus;44,86,146k
Установка Linux на калькулятор. Часть I,&plus;120,110,"71,4k"
Рок-звёзды без премий: как Netflix хакнул систему мотивации сотрудников,&plus;30,343,68k
Самое читаемоеМинуточку внимания,&plus;47,318,"63,7k"
RS485 — стандарт промышленных сетей. Какими особенностями обладает микросхема приемопередатчика?,&plus;268,143,221k
"Германия — плюсы, минусы и немыслимое",&plus;152,105,184k
"Невменяемый, необъятный масштаб браузеров",&plus;59,86,146k
IT в «лихие 90е» — из воспоминаний бумера,nan,709,140k
,nan,nan,68k
      ,nan,nan,"13,6k"
Как одним движением сжечь 10000$ и получить удар током,nan,nan,"11,4k"
Минуточку внимания,nan,nan,146k
Как «Ревущий Котёнок» с Reddit заработал 28.500% на акциях GameStop: объясняю простым языком,nan,nan,10k
Телефонное мошенничество – по горячим следам,&plus;120,nan,"1,1k"
  ,&plus;152,343,68k
"Тариф «100к+», или как вельми зело огорчить спамера",&plus;1,86,146k
      Средняя зарплата в IT,&plus;53,4,"14,7k"
Фургоны-детекторы ТВ всё ещё колесят по улицам Великобритании,&plus;152,9,"13,6k"
Большая игра на понижение крипты. Механизм финансовой катастрофы,&plus;44,86,146k
Самое читаемоеМинуточку внимания,&plus;120,110,"71,4k"
О театре или почему всем плевать,&plus;30,343,68k
Flipper Zero — план по производству и доставке,&plus;47,318,"63,7k"
У Google появился новый креативный способ убивать SaaS-стартапы,&plus;268,143,221k
"Человейник, тебе меня не сломить! Анализ жилья в мегаполисе",&plus;152,105,184k
"Математик-пенсионер, «хакнувший» лотерею",&plus;59,86,146k
Как мы просто сократили объем входящего в дата-центр трафика на 70%,nan,709,140k
,nan,nan,68k
      ,nan,nan,"13,6k"
Минуточку внимания,nan,nan,"11,4k"
Проклятье Циолковского и благодать Оберта,nan,nan,146k
Выделяем ДНК банана в домашних условиях,nan,nan,10k
"ИТЭР в 2020 году, часть вторая",&plus;120,nan,"1,1k"
Железячники умирают. Опыт работы в сфере ремонта цифровой техники,&plus;152,343,68k
Самое читаемоеМинуточку внимания,&plus;1,86,146k
Проблема,&plus;53,4,"14,7k"
Производство ,&plus;152,9,"13,6k"
"Трибьют Канзи, обезьяньему патриарху, который всех озадачил",&plus;44,86,146k
Схемотехника 100 лет назад. Обзор довоенного радиоприемника ЭЧС-3,&plus;120,110,"71,4k"
Так ли токсичен синтаксис Rust?,&plus;30,343,68k
Как мы ржавели. История внедрения и обучения,&plus;47,318,"63,7k"
Олды в ИТ,&plus;268,143,221k
"Ограничен, но не сломлен. Или как игры могут изменить жизнь",&plus;152,105,184k
Эффект Оберта,&plus;59,86,146k
"Почему хабражители предпочитают велосипеды, вместо готовых решений? Или о systemd, part 0",nan,709,140k
,nan,nan,68k
      ,nan,nan,"13,6k"
"Радиоприемник прямого усиления на СВ, 2020 год, Москва. Что можно услышать?",nan,nan,"11,4k"
"Яндекс.Карты API, я устал. Я ухожу",nan,nan,146k
Программист учится рисовать. Дневник Емели,nan,nan,10k
Минуточку внимания,&plus;120,nan,"1,1k"
"Как древние шумеры повлияли на значение скорости света, и почему Великая Французская Революция не смогла им помешать",&plus;152,343,68k
"Яндекс отключил расширения с аудиторией в 8 млн пользователей. Объясняем, почему мы пошли на такой шаг",&plus;1,86,146k
Как мы переносили современные игры на процессор Эльбрус-8С,&plus;53,4,"14,7k"
Генератор неслучайных чисел,&plus;152,9,"13,6k"
Самое читаемоеМинуточку внимания,&plus;44,86,146k
Смерть MAPS.ME?,&plus;120,110,"71,4k"
"Что в стоматологии поменялось за 30 лет, и почему заниматься наукой в России так больно",&plus;30,343,68k
"Или, на что годятся монстрики Meklon'а?",&plus;47,318,"63,7k"
История потерянного коммита,&plus;268,143,221k
Малышка на миллион. Сковиллей,&plus;152,105,184k
Четырёхмерный лабиринт с видом от первого лица,&plus;59,86,146k
Чтобы током не убило. Всё про УЗО,nan,709,140k
,nan,nan,68k
      ,nan,nan,"13,6k"
Минуточку внимания,nan,nan,"11,4k"
Stenotype,nan,nan,146k
Верховный суд отказал Wargaming в иске к своим бывшим сотрудникам,nan,nan,10k
Анатомия GNU/Linux,&plus;120,nan,"1,1k"
"Купил — значит, твое: вендоров бытовой техники в ЕС обязали поставлять запчасти для ремонта и помогать сервисам",&plus;152,343,68k
Когда путь важнее цели. Сколько нам еще остается до полноценной термоядерной энергетики?,&plus;1,86,146k
Загадочные субтитры на CNN,&plus;53,4,"14,7k"
"Молоко: пастеризация, туберкулез и болезни ЖКТ",&plus;152,9,"13,6k"
Как потерять аккаунт на Гос. услугах за 5 секунд,&plus;44,86,146k
Эпидемия летаргии: заснувшие навсегда,&plus;120,110,"71,4k"
Крушение Intel состоялось,&plus;30,343,68k
Самое читаемоеМинуточку внимания,&plus;47,318,"63,7k"
Насколько вкусные печеньки в Яндексе?,&plus;268,143,221k
Лампа Эра 15 Вт из Fix Price,&plus;152,105,184k
Оптическая иллюзия 2020,&plus;59,86,146k
"Как выглядит хабраэффект, когда вы продаёте изделие «горижопа» для женщин",nan,709,140k
,nan,nan,68k
      ,nan,nan,"13,6k"
Почему гну перешла через реку?,nan,nan,"11,4k"
Прощание с Аресибо,nan,nan,146k
Минуточку внимания,nan,nan,10k
Яндекс.Станция Макс. Три истории про новое устройство с Алисой,&plus;120,nan,"1,1k"
  ,&plus;152,343,68k
      Средняя зарплата в IT,&plus;1,86,146k
"Здравствуй, дорогой я двадцать лет назад",&plus;53,4,"14,7k"
Самое читаемоеМинуточку внимания,&plus;152,9,"13,6k"
Закроем тему прокрастинации,&plus;44,86,146k
Как появилась на свет программа youtube-dl,&plus;120,110,"71,4k"
ВКонтакте снова выкладывает KPHP,&plus;30,343,68k
Загрузка операционной системы с виниловой пластинки,&plus;47,318,"63,7k"
Электронная книга своими руками на STM32H750 от А до Э,&plus;268,143,221k
Стабилизация растений для ленивых романтиков. Ну и гиков тоже,&plus;152,105,184k
"Вы безумны, остановитесь пока не поздно",&plus;59,86,146k
Flipper Zero — в шаге от финальной версии железа,nan,709,140k
,nan,nan,68k
      ,nan,nan,"13,6k"
"Habr, iXBT.Live, Pikabu и Яндекс.Дзен: сравнение четырех площадок и их ППА через один пост",nan,nan,"11,4k"
Поговорим о микроскопах,nan,nan,146k
Минуточку внимания,nan,nan,10k
ВИЧ — нулевой пациент мировой пандемии,&plus;120,nan,"1,1k"
Наш первый ЦОД в советском бомбоубежище: особенности вычислений в бункере,&plus;152,343,68k
Теперь я не могу сделать даже маленький сайт,&plus;1,86,146k
Секрет Великого Искоренителя,&plus;53,4,"14,7k"
Windows: достучаться до железа,&plus;152,9,"13,6k"
Самое читаемоеМинуточку внимания,&plus;44,86,146k
Гидропоника. Выращиваем сверхострый чили и заставляем всех его есть,&plus;120,110,"71,4k"
"Мама, я сделал Хабр",&plus;30,343,68k
Что плохо в новых значках Google,&plus;47,318,"63,7k"
"Когда вы учили произношение английских слов, вы материли Уильяма Кэкстона, даже если не знали, кто это вообще такой",&plus;268,143,221k
Оспа — апокалипсис в стране восходящего солнца,&plus;152,105,184k
Пересадочный узел для птиц: раскаты Волги посреди пустыни,&plus;59,86,146k
Как я узнал о тайных услугах Мегафона,nan,709,140k
,nan,nan,68k
      ,nan,nan,"13,6k"
Минуточку внимания,nan,nan,"11,4k"
"Галя, сколько? Игра в шашечки на кассах Пятёрочки",nan,nan,146k
Про новинки в .NET 5 и C# 9.0,nan,nan,10k
"Рудиментарные дела. Кого, чему, зачем и что не нужно",&plus;120,nan,"1,1k"
"О талантах, деньгах и алгоритмах сжатия данных",&plus;152,343,68k
Линукс-порт Far Manager: прогресс за 4 года,&plus;1,86,146k
Сбер выложил русскоязычную модель GPT-3 Large с 760 миллионами параметров в открытый доступ,&plus;53,4,"14,7k"
Сложение двух чисел с плавающей запятой без потери точности,&plus;152,9,"13,6k"
"Я никогда не писал расширения для Хрома, но меня допекли",&plus;44,86,146k
Как в 30 лет стать старым и никому не нужным на примере разработки квеста,&plus;120,110,"71,4k"
Популярная музыка на самом деле деградирует,&plus;30,343,68k
Дефицит цветов в современных фильмах,&plus;47,318,"63,7k"
Самое читаемоеМинуточку внимания,&plus;268,143,221k
"«Однорукий интерфейс»: баг или фича, позволяющая Делимобилю отнимать деньги у пользователей?",&plus;152,105,184k
В пещерах этого не было,&plus;59,86,146k
Часть‌ ‌1,nan,709,140k
,nan,nan,68k
      ,nan,nan,"13,6k"
"Представьте — вам дали гору денег, но забрали программирование навсегда. Обрадуетесь? Что будете делать?",nan,nan,"11,4k"
Минуточку внимания,nan,nan,146k
"Доля Firefox упала на 85%, однако доходы руководства Mozilla выросли на 400%",nan,nan,10k
  ,&plus;120,nan,"1,1k"
Буддизм с точки зрения программиста,&plus;152,343,68k
"Водоросли, танкер и шторм против Камчатки",&plus;1,86,146k
      Средняя зарплата в IT,&plus;53,4,"14,7k"
"Новый плацкарт в вагоне габарита Т: помните ту обратную связь, что вы давали на 1-ВМ?",&plus;152,9,"13,6k"
Гугл-программисты. Как идиот набрал на работу идиотов,&plus;44,86,146k
Как ядерное топливо путешествует по городам России. Короткий комментарий,&plus;120,110,"71,4k"
Ноль смертей: как выжить в ДТП,&plus;30,343,68k
А давайте заставим пользователя использовать безопасный пароль,&plus;47,318,"63,7k"
Самое читаемоеМинуточку внимания,&plus;268,143,221k
Доброшрифт: так пишутся добрые дела,&plus;152,105,184k
Меня перевезли в другую страну и через две недели выставили на мороз — потому что передумали нанимать,&plus;59,86,146k
Сборка очень компактного планшетного ПК на базе Core i7,nan,709,140k
,nan,nan,68k
      ,nan,nan,"13,6k"
Минуточку внимания,nan,nan,"11,4k"
Установка Windows 98 на современный ПК,nan,nan,146k
Dial-up развлекушки,nan,nan,10k
Открытое письмо авторам российской вакцины от COVID-19,&plus;120,nan,"1,1k"
Как писать книгу по физике в LaTeX. Cтатья 1,&plus;152,343,68k
Самое читаемоеМинуточку внимания,&plus;1,86,146k
Вооот такоооой красотыыы,&plus;53,4,"14,7k"
Почему единственный вид деревьев не победил все остальные?,&plus;152,9,"13,6k"
"Стивен Вольфрам: кажется, мы близки к пониманию фундаментальной теории физики, и она прекрасна",&plus;44,86,146k
Поддерживаю драйвер tp-link t4u для linux,&plus;120,110,"71,4k"
"Германия, или Туда и Обратно — 3",&plus;30,343,68k
«Морской старт»: возвращение блудного космодрома,&plus;47,318,"63,7k"
Экскурсия на космодром «Восточный»,&plus;268,143,221k
        Курсы,&plus;152,105,184k
"В IT растет цензура, а мы не замечаем — разрешают только улыбаться и молчать",&plus;59,86,146k
Как нарисовать звезду (и не только) в полярных координатах,nan,709,140k
,nan,nan,68k
      ,nan,nan,"13,6k"
Скулятчер,nan,nan,"11,4k"
"Мы тратим годы на то, что делается неделю — потому что все ларьки заигрались в IT-гигантов",nan,nan,146k
Минуточку внимания,nan,nan,10k
  ,&plus;120,nan,"1,1k"
Как мы внедрили скрытие аккаунтов в Telegram или #ДуровДобавьДвойноеДно,&plus;152,343,68k
      Средняя зарплата в IT,&plus;1,86,146k
Эмулятор RFID,&plus;53,4,"14,7k"
Введение,&plus;152,9,"13,6k"
Самое читаемоеМинуточку внимания,&plus;44,86,146k
"Германия, или Туда и Обратно — 1",&plus;120,110,"71,4k"
Своими руками: Компьютер в столе с жидкостным охлаждением,&plus;30,343,68k
Эмулятор карт EM Marine,&plus;47,318,"63,7k"
Проводы российской «Науки»,&plus;268,143,221k
Взгляд в прошлое. Технология 18 века,&plus;152,105,184k
"Death Note, анонимность и энтропия",&plus;59,86,146k
Энергия старого мира,nan,709,140k
,nan,nan,68k
      ,nan,nan,"13,6k"
Проект «часов Уизли» с демонстрацией местоположения членов семьи,nan,nan,"11,4k"
Минуточку внимания,nan,nan,146k
Склеиваем несколько фотографий в одну длинную с помощью компьютерного зрения,nan,nan,10k
Кто остановил шредер или как нужно было проходить квест с уничтожением сервера,&plus;120,nan,"1,1k"
Фольклор программистов и инженеров (часть 1),&plus;152,343,68k
Как мы первыми в мире роботизируем кормоуборочные комбайны,&plus;1,86,146k
Самое читаемоеМинуточку внимания,&plus;53,4,"14,7k"
WFH убивает Кремниевую Долину?,&plus;152,9,"13,6k"
"Хакните и остановите шредер, в который загружено 200к, устройте короткое замыкание и пожар",&plus;44,86,146k
Издеваемся над USB,&plus;120,110,"71,5k"
"Mozilla — прекрасная IT-компания, которую мы теряем",&plus;30,343,68k
"Кто такие шизоиды, где они обитают, и почему вам может быть полезно о них узнать",&plus;47,318,"63,7k"
Россия — месторождение слонов,&plus;268,143,221k
Наша огромная гордость: мирные советские роботы-комбайны убрали первый урожай в южных регионах,&plus;152,105,184k
"Свой 2-тактный мотор: песочница, куличики и 10кг расплавленного металла",&plus;59,86,146k
Flipper Zero — давайте пилить вместе. Приглашаем разработчиков,nan,709,140k
,nan,nan,68k
Ортолинейная сплит клавиатура — это что такое? Обзор Iris Keyboard,nan,nan,"13,6k"
      ,nan,nan,"11,4k"
Минуточку внимания,nan,nan,146k
«Просто похудеть» — непросто,nan,nan,10k
Что такое LLVM и зачем он нужен?,&plus;120,nan,"1,1k"
"Не надо портить инженерам десктопы своими мобильными решениями, одумайтесь",&plus;152,343,68k
Аномалии голосования по поправкам к Конституции России. Часть 1,&plus;1,86,146k
USB-флешки: заряжать нельзя игнорировать,&plus;53,4,"14,7k"
Жизнь и работа в Нидерландах,&plus;152,9,"13,6k"
Flipper Zero — как выйти на Кикстартер сидя на карантине на даче,&plus;44,86,146k
Самое читаемоеМинуточку внимания,&plus;120,110,"71,5k"
"Проект длиной в 8 лет — знал бы, ни за что не ввязался: свой 2-тактный мотор",&plus;30,343,68k
Почтовый агент. Ловушка для жены эмигранта,&plus;47,318,"63,7k"
Аккумуляторы против батареек,&plus;268,143,221k
Об обществе людей и их свободе,&plus;152,105,184k
"Habr vs Medium: сколько можно заработать, опубликовав 9 статей на Medium.com",&plus;59,86,146k
Враги свободы,nan,709,140k
,nan,nan,68k
      ,nan,nan,"13,6k"
Минуточку внимания,nan,nan,"11,4k"
Как зарабатывать на фотографиях,nan,nan,146k
Ты добавил всего две строчки. Почему на это ушло два дня?,nan,nan,10k
Как я восстанавливал данные в неизвестном формате с магнитной ленты,&plus;120,nan,"1,1k"
Будущее математики?,&plus;152,343,68k
Как книга «Электроника шаг за шагом» обрела новую жизнь,&plus;1,86,146k
"babooshka tv, как самодельный видео-показатор сместил «точку сборки» моих пожилых родителей",&plus;53,4,"14,7k"
Самое читаемоеМинуточку внимания,&plus;152,9,"13,6k"
"Медуза, паспорта и говнокод — почему номера паспортов всех участников интернет-голосования попали в Интернет",&plus;44,86,146k
Расследование: создатель AlterOffice украл код у Microsoft и рвётся назад в реестр,&plus;120,110,"71,5k"
"Собираем недорогой 9.7"" E-Ink дисплей для отображения чего угодно",&plus;30,343,68k
От комментария на Хабре к уязвимости в антивирусе Dr. Web,&plus;47,318,"63,7k"
"Мне не нравится то, во что превращается PHP",&plus;268,143,221k
Надо помолчать,&plus;152,105,184k
Снимаем колёса и он в домике,&plus;59,86,146k
Как Греф с программистами боролся,nan,709,140k
,nan,nan,68k
      ,nan,nan,"13,6k"
Как мы судились с банком ВТБ за закрытие счёта,nan,nan,"11,4k"
Минуточку внимания,nan,nan,146k
"Как клеить по 13 девушек в час, используя машинное обучение и Tinder",nan,nan,10k
Методики уничтожения комаров,&plus;120,nan,"1,1k"
"Как дочка Роснано, продавшая с Ростехом тысячи камер в школы, делает «российские» камеры c дырявой китайской прошивкой",&plus;152,343,68k
Уничтожение комаров,&plus;1,86,146k
Самое читаемоеМинуточку внимания,&plus;53,4,"14,7k"
Управление в стиле Догвилль,&plus;152,9,"13,6k"
"Как сбросить вес, не занимаясь спортом? Личный опыт",&plus;44,86,146k
На что ещё способны шаговые моторы? — Забивать голы в настольном хоккее,&plus;120,110,"71,5k"
Я мечтал вырваться из Узбекистана и стать крутым разрабом. Больше не хочу — но разработка не отпускает,&plus;30,343,68k
"Что делать, если в вашей команде появился «эффективный» менеджер?",&plus;47,318,"63,7k"
"Как жить и работать дальше, если вам поставили психиатрический диагноз",&plus;268,143,221k
Ozon go school: Как не нужно проводить отбор,&plus;152,105,184k
Влияние кризиса на IT: уволят ли нас всех,&plus;59,86,146k
"Вероятно, хватит рекомендовать «Чистый код»",nan,709,140k
,nan,nan,68k
      ,nan,nan,"13,6k"
Минуточку внимания,nan,nan,"11,4k"
Как я использую AirDrop вместо Тиндера,nan,nan,146k
Переезд в Иннополис,nan,nan,10k
"[Вопрос] Вы видели людей, которые пользуются мобильными контент-подписками?",&plus;120,nan,"1,1k"
Клон Doom в 13 килобайтах JavaScript,&plus;152,343,68k
10 советов схемотехнику,&plus;1,86,146k
"Мегафон продолжает вмешиваться в мой HTTP-трафик в 2020 году, отправлять рекламу, даже после получения запретов на это",&plus;53,4,"14,7k"
Как живется в США «неайтишникам». Другая сторона,&plus;152,9,"13,6k"
Самое читаемоеМинуточку внимания,&plus;44,86,146k
Колоноскопия. О деликатной теме без насмешек,&plus;120,110,"71,5k"
Катар: центр мира для пересадок и ночной город,&plus;30,343,68k
Почему функциональное программирование такое сложное,&plus;47,318,"63,7k"
"«А про посадку читайте в следующем номере…» — так вот он, этот номер",&plus;268,143,221k
"Объясните мне, как вы для себя разобрались в моделях типизаций — они же все размыты",&plus;152,105,184k
В интерфейсе телефонов Sony — неотключаемая реклама,&plus;59,86,146k
Самая сложная задача в Computer Vision,nan,709,140k
,nan,nan,68k
      ,nan,nan,"13,6k"
Тест старения светодиодных ламп,nan,nan,"11,4k"
Минуточку внимания,nan,nan,146k
ДИТ Москвы при проверке пропуска получает разрешение на отправку рекламы на следующие 10 лет,nan,nan,10k
Apple Watch за недорого: как меня хотели «развести» на Авито и Юле,&plus;120,nan,"1,1k"
How old is this house. Как я делал карту возраста домов Петербурга,&plus;152,343,68k
Инклюзивное образование: почему такая хорошая идея так плохо работает,&plus;1,86,146k
Приложение «Социальный мониторинг» было сделано из трекера мусоровозов,&plus;53,4,"14,7k"
Как Linux'овский sort сортирует строки,&plus;152,9,"13,6k"
На корпусе вашего компьютера напряжение 110 Вольт,&plus;44,86,146k
Советский графический планшет «эскиз»,&plus;120,110,"71,5k"
Самое читаемоеМинуточку внимания,&plus;30,343,68k
Как регистратор доменов «Регистратор Р01» сдает своих клиентов,&plus;47,318,"63,7k"
Какой язык программирования учить в 2020-м?,&plus;268,143,221k
Хабру — 14 лет,&plus;152,105,184k
"Личный опыт: как я подавал заявку в реестр отечественного ПО, и обнаружил запрет для всех версий Linux",&plus;59,86,146k
"Я выпустил текстовый процессор, форматировавший жёсткий диск после каждого 1024-го сохранения",nan,709,140k
,nan,nan,68k
      ,nan,nan,"13,6k"
Минуточку внимания,nan,nan,"11,4k"
15 мая RU-Center может добавить вам платную услугу без вашего участия,nan,nan,146k
Осторожнее с редактированием bash-скриптов,nan,nan,10k
Стилер паролей в антивирусном ПО Avira Free Antivirus,&plus;120,nan,"1,1k"
Все нововведения Windows 10 2004 (20H1),&plus;152,343,68k
Самое читаемоеМинуточку внимания,&plus;1,86,146k
Не держите людей за идиотов или почему человек с инженерным образованием может сжечь вышку сотовой связи (видео),&plus;53,4,"14,7k"
Защита и взлом Xbox 360 (Часть 3),&plus;152,9,"13,6k"
Динамическая типизация — это не инструмент для разработки. Это чепуха (паршивая),&plus;44,86,146k
«Утечка» базы специалистов Хабр Карьеры,&plus;120,110,"71,5k"
Компьютер в столе своими руками,&plus;30,343,68k
Разработка и производство троичных микросхем на обычном техпроцессе CMOS,&plus;47,318,"63,7k"
Дисклеймер:,&plus;268,143,221k
Пора на свалку,&plus;152,105,184k
Как я на карантине работу искал,&plus;59,86,146k
Монитор объемного изображения,nan,709,140k
,nan,nan,68k
1. Штатные возможности CGA,nan,nan,"13,6k"
      ,nan,nan,"11,4k"
Как я отказался от вычисления квадратного корня,nan,nan,146k
Минуточку внимания,nan,nan,10k
Минисериал: троичный компьютер своими руками,&plus;120,nan,"1,1k"
Знаменитые дизайнеры vs научные исследования про читаемость шрифтов,&plus;152,343,68k
Как украсть Macbook,&plus;1,86,146k
Маски сброшены,&plus;53,4,"14,7k"
В рамках импортозамещения Москва закупает ПО Microsoft на 90 млн рублей,&plus;152,9,"13,6k"
Как же всё-таки получаются 1024 цвета в CGA? И действительно ли их 1024?,&plus;44,86,146k
"Яндекс, самоизолируй свой индекс (или когда нужно думать о последствиях)",&plus;120,110,"71,5k"
Исследуем электромагнитные поля с помощью SDR приемника и OpenCV,&plus;30,343,68k
"Как вирус Эбола научил нас работать с данными про заражения, а мы забыли все его уроки",&plus;47,318,"63,7k"
Самое читаемоеМинуточку внимания,&plus;268,143,221k
"Уберите ваших детей от наших голубых экранов, или почему нельзя покупать Яндекс.Станцию для ребёнка",&plus;152,105,184k
Считаешь себя синьором? Да кого ты обманываешь,&plus;59,86,146k
"Да мой старый laptop в несколько раз мощнее, чем ваш production server",nan,709,140k
,nan,nan,68k
      ,nan,nan,"13,6k"
Минуточку внимания,nan,nan,"11,4k"
Кто такие вирусы?,nan,nan,146k
Про аудирование/ Из чего состоит знание иностранного языка,nan,nan,10k
Как SEO-оптимизация и алгоритмы Google уничтожили настоящий интернет,&plus;120,nan,"1,1k"
Вирус и антибиотики: нежный ликбез для паникующих,&plus;152,343,68k
Искажение смертностиСамое читаемоеМинуточку внимания,&plus;1,86,146k
Про фразовые глаголы,&plus;53,4,"14,7k"
"Почему нужно роботизировать сельхозкомбайны, в чём сложности, и как мы это сделали за два года",&plus;152,9,"13,6k"
Великий египетский фаерволл,&plus;44,86,146k
Нужно ли курить для защиты от SARS-CoV-2,&plus;120,110,"71,5k"
Разработчик оценил сложность современных браузеров,&plus;30,343,68k
"В софте всё восхитительно, но все недовольны",&plus;47,318,"63,7k"
Что в Белизне тебе моей или Справочное пособие по гипохлориту натрия («хлорке»),&plus;268,143,221k
Самодельный лазер на парах марганца,&plus;152,105,184k
CloudFlare — рак интернета,&plus;59,86,146k
Пост хвастовства домашними офисами,nan,709,140k
,nan,nan,68k
      ,nan,nan,"13,6k"
Коронавирус: почему надо действовать прямо сейчас,nan,nan,"11,4k"
Минуточку внимания,nan,nan,146k
  ,nan,nan,10k
Масло и водка: как мы избавляем ноутбуки от стикеров,&plus;120,nan,"1,1k"
"Как я заработал 1 000 000 $ без опыта и связей, а потом потратил их, чтобы сделать свой переводчик",&plus;152,343,68k
Простой прием для управления прокрастинацией,&plus;1,86,146k
      Средняя зарплата в IT,&plus;53,4,"14,7k"
Эволюция теории струн до М-теории,&plus;152,9,"13,6k"
"Коронавирус: филогения, курение, летальность и снижение рисков заболеть",&plus;44,86,146k
"Как я создал, а затем развалил свою компанию",&plus;120,110,"71,5k"
Полиграфистки сходят с ума по одной,&plus;30,343,68k
Вступление,&plus;47,318,"63,7k"
Самое читаемоеМинуточку внимания,&plus;268,143,221k
"Как я взломал мошенников, или просто внутренности фишинг-панелей",&plus;152,105,184k
Как все начиналось,&plus;59,86,146k
Самодельный лидар: OpenTOFLidar,nan,709,140k
,nan,nan,68k
"Когда я слышу слова «нейросеть восстановила», я лезу проверять бэкапы",nan,nan,"13,6k"
      ,nan,nan,"11,4k"
Минуточку внимания,nan,nan,146k
"Андрей Зарецкий, Александр Труханов: «Гонорара хватило, чтобы кофе попить»",nan,nan,10k
Пластмассовый выстрел: атипичные патроны,&plus;120,nan,"1,1k"
Объяснение: почему wc на Haskell оказался «быстрее» аналога на С,&plus;152,343,68k
Роботаракан Петя за десять баксов,&plus;1,86,146k
Самое читаемоеМинуточку внимания,&plus;53,4,"14,7k"
"[Flipper Zero] отказываемся от Raspberry Pi, делаем собственную плату с нуля. Поиск правильного WiFi чипа",&plus;152,9,"13,6k"
"Может, нам слегка успокоиться с JavaScript?",&plus;44,86,146k
Самодельная подводная лодка с надводной wi-fi антенной,&plus;120,110,"71,5k"
Повелитель мух,&plus;30,343,68k
"Тёплый, ламповый и очень опасный",&plus;47,318,"63,7k"
Как конкуренты могут легко заблокировать ваш сайт,&plus;268,143,221k
Хабр Конвертер: чтобы версталось легко,&plus;152,105,184k
Полная домашняя автоматизация в новостройке,&plus;59,86,146k
Собеседование в луже крови,nan,709,140k
,nan,nan,68k
      ,nan,nan,"13,6k"
Гонки космических шпионов,nan,nan,"11,4k"
Самодельный рекуператор для загородного дома с КПД 80%,nan,nan,146k
Минуточку внимания,nan,nan,10k
Пушка Гаусса,&plus;120,nan,"1,1k"
Первые в мире серийные лампы с солнечным спектром,&plus;152,343,68k
"Четвертушка Ethernet-а: старая скорость, новые возможности",&plus;1,86,146k
Нейтронная звезда в пробирке. Сонолюминесценция,&plus;53,4,"14,7k"
Яндекс.Диск запретил использование open source утилиты rclone. UPD — снова работает,&plus;152,9,"13,6k"
Как я забросил игру спустя четыре года разработки,&plus;44,86,146k
"Или как понять, что ваш дизайн уже пора выкинуть, и как сделать новый",&plus;120,110,"71,5k"
"Бывший главред TJ о письмах из ФСБ: будет история «Дуров 2.0», но хедлайнером станет Хабр",&plus;30,343,68k
Как в Намибии защищают диких животных + IoT-ошейники,&plus;47,318,"63,7k"
Предыстория,&plus;268,143,221k
Открытое письмо компании Mail.ru об игре «Аллоды II: Повелитель душ»,&plus;152,105,184k
Самое читаемоеМинуточку внимания,&plus;59,86,146k
Изменения в пользовательском соглашении и политике конфиденциальности на сервисах Хабра,nan,709,140k
,nan,nan,68k
      ,nan,nan,"13,6k"
Цензура в исходном коде .NET Framework,nan,nan,"11,4k"
Минуточку внимания,nan,nan,146k
"Коронавирус 2019-nCoV: смертность небольшая, большая летальность",nan,nan,10k
Заметки о жизни в США,&plus;120,nan,"1,1k"
Чешские программисты бесплатно написали сайт стоимостью 16 миллионов евро? Правда?,&plus;152,343,68k
Независимые браузеры более не конкурентоспособны,&plus;1,86,146k
Коронавирусы: от SARS к 2019-nCoV,&plus;53,4,"14,7k"
Электронный тест беременности из аптеки: как это работает,&plus;152,9,"13,6k"
"Пиши, не сокращай. Чего мне стало не хватать в публикациях Хабра",&plus;44,86,146k
Мой переезд в Испанию,&plus;120,110,"71,5k"
Самое читаемоеМинуточку внимания,&plus;30,343,68k
Почему Discord переходит с Go на Rust,&plus;47,318,"63,7k"
Кто есть кто в мировой микроэлектронике,&plus;268,143,221k
Раздача котят по DHCPРаздача котят по HTTPS,&plus;152,105,184k
Реверс USB-SATA-адаптера (история одного стажера),&plus;59,86,146k
С какими видами мошенничества я сталкивался на фрилансе и аутсорсе,nan,709,140k
,nan,nan,68k
Гиперкуб. Как мы обеспечили разработчиков тестовыми устройствами и не потеряли их,nan,nan,"13,6k"
      ,nan,nan,"11,4k"
Разбираем цифровые часы с космического корабля «Союз»,nan,nan,146k
"Справочник по собеседованиям для тех программистов, которые их не понимают",nan,nan,10k
Минуточку внимания,&plus;120,nan,"1,1k"
"Коты в коробочках, или Компактные структуры данных",&plus;152,343,68k
"Чему меня, как разработчика, научили аварии в космосе",&plus;1,86,146k
Шизофрения: взгляд после,&plus;53,4,"14,7k"
Разбор демки на 128 байт из архива 1997 года,&plus;152,9,"13,6k"
Современные принтеры HP отказываются работать без подписки на чернила,&plus;44,86,146k
Чем программирование сегодня отличается от программирования 20 лет назад?,&plus;120,110,"71,5k"
Самое читаемоеМинуточку внимания,&plus;30,343,68k
ЭВМ «Таймыр» — эволюция наоборот,&plus;47,318,"63,7k"
Уходя уходи: почему не стоит принимать контроффер,&plus;268,143,221k
"Не плачь, девчонка! Ответ автору с vc.ru на письмо о Хабре",&plus;152,105,184k
Что такое I в ACID или вы нам не подходите,&plus;59,86,146k
"Пишем драйвер для ноутбука for fun and profit, или как закоммитить в ядро даже если ты дурак",nan,709,140k
,nan,nan,68k
      ,nan,nan,"13,6k"
Минуточку внимания,nan,nan,"11,4k"
Я потратил $40 тыс. и запорол отличную идею для стартапа,nan,nan,146k
Жизнь после 30,nan,nan,10k
"Разработчики — никакая не элита, а голые короли индустрии",&plus;120,nan,"1,1k"
Ставим котю на ноги,&plus;152,343,68k
ДисклеймерРазработчики действительно УЖЕ не элита,&plus;1,86,146k
Методы борьбы с воровством в кружке робототехники,&plus;53,4,"14,7k"
Самое читаемоеМинуточку внимания,&plus;152,9,"13,6k"
Дейкстра: Величайшей победой Запада в холодной войне над СССР был переход на IBM — myth busted,&plus;44,86,146k
"Что делать, если забыт код от замка чемодана?",&plus;120,110,"71,5k"
Прекращаем ставить диод 2,&plus;30,343,68k
"Всё, что вы хотели знать о МАС адресе",&plus;47,318,"63,7k"
"10 признаков того, что хороший программист из вас не получится",&plus;268,143,221k
Илья Якямсев: Эффективность не работает,&plus;152,105,184k
Заметки фитохимика 2020. Гречка или Повесть о народной крупе,&plus;59,86,146k
"Краткая история космических микропроцессоров, часть первая",nan,709,140k
,nan,nan,68k
На пути к идеальной клавиатуре,nan,nan,"13,6k"
      ,nan,nan,"11,4k"
Минуточку внимания,nan,nan,146k
Приключения немецкого обедненного гексафторида урана в России. Часть 1. История и технологии обогащения,nan,nan,10k
Задачки по программированию — плохой способ оценки квалификации Senior Developer'а,&plus;120,nan,"1,1k"
Так ли хорош PocketBook?,&plus;152,343,68k
Процессорные войны. История синего зайца и красной черепахи,&plus;1,86,146k
Проект ИТЭР в 2019 году,&plus;53,4,"14,7k"
"Короче, сделал столетний блокбастер цветным",&plus;152,9,"13,6k"
23 минуты. Оправдание тугодумов,&plus;44,86,146k
Самое читаемоеМинуточку внимания,&plus;120,110,"71,5k"
Кинологическая служба аэропорта: вас уже обнюхали,&plus;30,343,68k
Вентиляция с рекуперацией в квартире. Без воздуховодов и СМС,&plus;47,318,"63,7k"
"Какие бы у меня возникли проблемы, если бы я боролся за гендерный баланс в ИТ?",&plus;268,143,221k
"Немного истории, истоков и революции",&plus;152,105,184k
Памятка по борьбе с алкоголем или Как пережить фуршеты,&plus;59,86,146k
Как я чуть не выкинул 150к на ветер или история установки приточной вентиляции в квартире,nan,709,140k
,nan,nan,68k
"Deep Fake Science, кризис воспроизводимости и откуда берутся пустые репозитории",nan,nan,"13,6k"
      ,nan,nan,"11,4k"
Минуточку внимания,nan,nan,146k
Официальная позиция Программных комитетов Highload++ и других IT-конференций на претензии к Игорю Сысоеву и Максиму КоноваловуСамое читаемоеМинуточку внимания,nan,nan,10k
Официальная позиция Программных комитетов Highload++ и других IT-конференций на претензии к Игорю Сысоеву…,&plus;120,nan,"1,1k"
"Я работаю программистом в компании, но свои 50 лет хочу встретить иначе",&plus;152,343,68k
Инженерный подход к подаркам,&plus;1,86,146k
"Я выступил против некомпетентного менеджера, а его потом повысили",&plus;53,4,"14,7k"
Профсоюз программистов? Не смешите мои тапки,&plus;152,9,"13,6k"
Хабрарейтинг 2019: статистика и рейтинг авторов за 2019 год,&plus;44,86,146k
Возвращение солидарности: айтишникам и фрилансерам нужно организовываться,&plus;120,110,"71,5k"
Как я публиковал научную статью в Nature,&plus;30,343,68k
Хроника противостояния Рамблера и Nginx (обновлено 10 июня 2020),&plus;47,318,"63,7k"
Как работают квантовые компьютеры. Собираем паззл,&plus;268,143,221k
Я/МЫ не Айхор-хостинг. Или как плюнуть в лицо отрасли,&plus;152,105,184k
"В 2011 году уже обсуждался вопрос, кому принадлежит Nginx — Игорю Сысоеву или «Рамблеру»",&plus;59,86,146k
Что на самом деле значит наезд Rambler Group на Nginx и к чему готовиться онлайн-индустрии,nan,709,140k
,nan,nan,68k
      ,nan,nan,"13,6k"
Давным-давно…,nan,nan,"11,4k"
Полярные сияния на планетах Солнечной системы,nan,nan,146k
Flipper Zero — пацанский мультитул-тамагочи для пентестера,nan,nan,10k
"Тостер, Мой круг и Фрилансим становятся частью Хабра",&plus;120,nan,"1,1k"
Открытые данные. Роскосмос. Догоним Америку,&plus;152,343,68k
Open source – наше всё,&plus;1,86,146k
Введение,&plus;53,4,"14,7k"
Самое читаемоеМинуточку внимания,&plus;152,9,"13,6k"
Венеция: дикий профит на паре голых скал,&plus;44,86,146k
LeanChess — самые маленькие компьютерные шахматы в мире,&plus;120,110,"71,5k"
"[Обновлено в 10:52, 14.12.19] В офисе Nginx прошел обыск. Копейко: «Nginx был разработан Сысоевым самостоятельно»",&plus;30,343,68k
Встречайте Space — новый продукт JetBrains,&plus;47,318,"63,7k"
"AMA с Хабром, #14: минус-реформа и закрытие TMFeed",&plus;268,143,221k
Как проверить паспорт на действительность,&plus;152,105,184k
Внедрение в архитектуру советских программируемых калькуляторов «Электроника МК-52»,&plus;59,86,146k
В самом популярном фрагменте кода за всю историю StackOverflow ошибка! ,nan,709,140k
,nan,nan,68k
      ,nan,nan,"13,6k"
Минуточку внимания,nan,nan,"11,4k"
10 лет на удаленке и что из этого вышло,nan,nan,146k
Хабра-детектив на выходных,nan,nan,10k
Как спроектировать корпус — схема работы,&plus;120,nan,"1,1k"
Выявляем процессы с дисковой активностью в Linux,&plus;152,343,68k
Пишем USB-драйверы для заброшенных устройств,&plus;1,86,146k
А куда в этот ваш телескоп глазом смотреть?,&plus;53,4,"14,7k"
Как спроектировать корпус для прибора. Полное руководство,&plus;152,9,"13,6k"
Самое читаемоеМинуточку внимания,&plus;44,86,146k
"Значит, хотите запустить Windows 10 на калькуляторе? Ну ладно",&plus;120,110,"71,5k"
Самые позорные ошибки в моей карьере программиста (на текущий момент),&plus;30,343,68k
"Если вы что-то создаёте, избегайте расписания менеджера",&plus;47,318,"63,7k"
Нетоксичное лицемерие,&plus;268,143,221k
"Как начать деградировать, но не поддаться",&plus;152,105,184k
Как разработчику развиваться в небольшом и не самом айтишном городе,&plus;59,86,146k
Поговорим о смерти,nan,709,140k
,nan,nan,68k
      ,nan,nan,"13,6k"
Обыскать 314 км² за 10 часов — финальное сражение инженеров-поисковиков против леса,nan,nan,"11,4k"
Минуточку внимания,nan,nan,146k
Байки из склепа (из 40 лет работы программиста),nan,nan,10k
История одного хака или не злите программиста,&plus;120,nan,"1,1k"
Хождение по мукам или долгая история одной попытки восстановления данных,&plus;152,343,68k
Эксперимент Microsoft по сокращению рабочей недели до 4 дней привёл к повышению продуктивности на 40%,&plus;1,86,146k
Дискриминация сотрудников по возрасту — беспощадная и бессмысленная,&plus;53,4,"14,7k"
Самое читаемоеМинуточку внимания,&plus;152,9,"13,6k"
Как не нужно составлять согласие на обработку персональных данных,&plus;44,86,146k
Компания GitLab из-за политики прекращает набор инженеров из России и Китая,&plus;120,110,"71,5k"
Хроники книжного голода,&plus;30,343,68k
Город-на-лодках: как Венеция существует без машин,&plus;47,318,"63,7k"
Оптический удлинитель HDMI. 300 метров,&plus;268,143,221k
"Советские супергерои, чешские козявки и австралийский клон",&plus;152,105,184k
"Самодельный электромобиль — всё не так, как думаешь",&plus;59,86,146k
Ретропоезд с паровозом,nan,709,140k
,nan,nan,68k
      ,nan,nan,"13,6k"
Неожиданная красота простых чисел,nan,nan,"11,4k"
"Телефонные мошенники. Действие второе, в котором я срываюсь и бегу до ближайшего банкомата",nan,nan,146k
Минуточку внимания,nan,nan,10k
Как подсидеть тимлида,&plus;120,nan,"1,1k"
Пробуем preload (PHP 7.4) и RoadRunner,&plus;152,343,68k
В Россию начали завозить радиоактивные отходы из Европы? Разбираемся,&plus;1,86,146k
Как фантаст Артур Кларк чуть не закрыл журнал «Техника — молодежи»,&plus;53,4,"14,7k"
Верификация пользователей в Китае и социальный кредит,&plus;152,9,"13,6k"
Мой любимый Git-коммит,&plus;44,86,146k
Щирый украинец Незнайка или Как киевляне не угадали,&plus;120,110,"71,5k"
Apple в 2019 году — это Linux в 2000 году,&plus;30,343,68k
"Байконурские приключения: ракеты, космонавты, старт Союз МС-13 и космический интернет",&plus;47,318,"63,7k"
"Критика протокола и оргподходов Telegram. Часть 1, техническая: опыт написания клиента с нуля — TL, MT",&plus;268,143,221k
Самое читаемоеМинуточку внимания,&plus;152,105,184k
Как проводить Code Review по версии Google,&plus;59,86,146k
Фотоаппарат на дискетах: 8 интересных фактов о Sony Mavica MVC-FD85 (много картинок),nan,709,140k
,nan,nan,68k
      ,nan,nan,"13,6k"
"Я мотоцикл покупал, чтобы ездить, а не чтобы падать",nan,nan,"11,4k"
Нейрофизиолог рассуждает о проекте Neuralink и рассказывает о работе мозга «на пальцах»,nan,nan,146k
Минуточку внимания,nan,nan,10k
9 лучших опенсорс находок за сентябрь 2019,&plus;120,nan,"1,1k"
ReactOS 0.4.12: 华为， 你认为这个怎么样？,&plus;152,343,68k
Мой опыт работы в Фирме 1С,&plus;1,86,146k
  ,&plus;53,4,"14,7k"
      Средняя зарплата в IT,&plus;152,9,"13,6k"
Доброшрифт,&plus;44,86,146k
О чём речь?,&plus;120,110,"71,5k"
"Домик с элементами хай-тека, для бездомного кота",&plus;30,343,68k
"Что показывает вольтметр, или математика розетки",&plus;47,318,"63,7k"
Самое читаемоеМинуточку внимания,&plus;268,143,221k
Рендеринг текста вас ненавидит,&plus;152,105,184k
Unix-пароль Кена Томпсона,&plus;59,86,146k
Невидимая фотография,nan,709,140k
,nan,nan,68k
      ,nan,nan,"13,6k"
"Вещество и антивещество: что это такое, в чем разница и при чем тут нейтрино",nan,nan,"11,4k"
Новая игра со старой атмосферой на Three.js,nan,nan,146k
Минуточку внимания,nan,nan,10k
"8 историй о внутреннем Китае. То, что не показывают иностранцам",&plus;120,nan,"1,1k"
Почему MS-DOS именно две секунды хранит буфер чтения флоппи?,&plus;152,343,68k
Я вам перезвоню,&plus;1,86,146k
Кармическое проклятье Хабра,&plus;53,4,"14,7k"
Программирование под БК 0010 в 2019-ом году,&plus;152,9,"13,6k"
"Андрей Терехов: «Можно сколько угодно говорить, что американское лучше, но наша машина никогда не ломается»",&plus;44,86,146k
"Частный поезд, который когда-то поломал представления об удобстве",&plus;120,110,"71,5k"
Rutracker включил eSNI. Конец эпохи DPI и конец блокировок,&plus;30,343,68k
Самое читаемоеМинуточку внимания,&plus;47,318,"63,7k"
Эволюционирующие клеточные автоматы,&plus;268,143,221k
Древности: рассматриваем материнскую плату 386-го компьютера,&plus;152,105,184k
Благодаря двухфакторной аутентификации я лишился всех вложенных денег и 3 лет работы,&plus;59,86,146k
        Курсы,nan,709,140k
,nan,nan,68k
      ,nan,nan,"13,6k"
Почему я отказался от работы в AWS,nan,nan,"11,4k"
Минуточку внимания,nan,nan,146k
Что умеют делать наручные часы кроме показа времени и как выбрать свои первые часы,nan,nan,10k
Почему для открытия меню Windows читает один файл сто тысяч раз?,&plus;120,nan,"1,1k"
Архив олимпиадных задач по физике для школьников,&plus;152,343,68k
Исповедь docker хейтера,&plus;1,86,146k
Ближе к земле: как я сменил коворкинг на дом в деревне,&plus;53,4,"14,7k"
Самое читаемоеМинуточку внимания,&plus;152,9,"13,6k"
Russian Railway Simulator (RRS): первый публичный релиз,&plus;44,86,146k
"Крокодилы летают, но низко-низко (об экранопланах без эмоций, зато с отступлениями)",&plus;120,110,"71,5k"
"Не стесняемся, минусуем",&plus;30,343,68k
"Чего нельзя требовать и за что нельзя хвалить сотрудников, если вы хотите, чтобы они хорошо работали",&plus;47,318,"63,7k"
Вопросы будущему работодателю,&plus;268,143,221k
Разработка кода не глядя,&plus;152,105,184k
"Как разработчик, я никогда не знаю себе цену, потому что её нет. Но вся система построена так, как будто она есть",&plus;59,86,146k
        Курсы,nan,709,140k
,nan,nan,68k
      ,nan,nan,"13,6k"
Минуточку внимания,nan,nan,"11,4k"
"Когда история ненастоящая: винзавод «Коктебель», фейковые вина и уроки маркетинга",nan,nan,146k
Хаки при работе с большим числом мелких файлов,nan,nan,10k
Как власти Казахстана пытаются прикрыть свой провал с внедрением сертификата,&plus;120,nan,"1,1k"
TCP против UDP или будущее сетевых протоколов,&plus;152,343,68k
Изначально неработоспособен: как выжить с ноутом на Windows 10 и 32-гиговым накопителем,&plus;1,86,146k
Самодельный лазер на парах хлорида меди,&plus;53,4,"14,7k"
Распознавание лиц на стройке,&plus;152,9,"13,6k"
Самое читаемоеМинуточку внимания,&plus;44,86,146k
Как программист банк выбирал и договора читал,&plus;120,110,"71,5k"
Как развернуть односвязный список на собеседовании,&plus;30,343,68k
Как политика 19 века повлияла на расположение дата-центров сегодня,&plus;47,318,"63,7k"
Не работайте в плохих проектах,&plus;268,143,221k
"Как устроена защита детей от информации — и феерическая история про то, откуда она сначала взялась (18+)",&plus;152,105,184k
Алкоголизм последней стадии,&plus;59,86,146k
        Курсы,nan,709,140k
,nan,nan,68k
      ,nan,nan,"13,6k"
Со склада в Дагестане — в программисты: как я стал iOS-разработчиком с нуля,nan,nan,"11,4k"
Минуточку внимания,nan,nan,146k
Как европейская автобусная компания работает в России: чем отличаются автобусы и пассажиры,nan,nan,10k
  ,&plus;120,nan,"1,1k"
      Средняя зарплата в IT,&plus;152,343,68k
"Про котэ, жену, двух сыновей, идею… и не только. История с продолжением",&plus;1,86,146k
Как мы разработали устройство для контроля внимания водителей. Опыт Яндекс.Такси,&plus;53,4,"14,7k"
"Модели дженериков и метапрограммирования: Go, Rust, Swift, D и другие",&plus;152,9,"13,6k"
А вот я «настоящий»,&plus;44,86,146k
Революция закончилась. Есть ли альтернатива литий-ионному аккумулятору?,&plus;120,110,"71,5k"
Предыстория,&plus;30,343,68k
Подборка полезных слайдов от Джулии Эванс,&plus;47,318,"63,7k"
Самое читаемоеМинуточку внимания,&plus;268,143,221k
"Математическое расследование, как подделывали выборы губернатора в Приморье 16 сентября 2018 года",&plus;152,105,184k
Почему отписка от рассылки занимает несколько дней?,&plus;59,86,146k
Новая иммунотерапия убрала все опухоли у женщины с метастатическим раком молочной железы,nan,709,140k
,nan,nan,68k
      ,nan,nan,"13,6k"
Минуточку внимания,nan,nan,"11,4k"
"В Россию приезжает отец Free Software, Ричард Столлман. Ищем того, кто готов на пару дней его приютить",nan,nan,146k
"Нейросеть в стекле. Не требует электропитания, распознаёт цифры",nan,nan,10k
Самое читаемоеМинуточку внимания,&plus;120,nan,"1,1k"
Почему сериал «Чернобыль» настолько плохо описал ядерную энергию,&plus;152,343,68k
Гигабитный линк на 3 километра на лазерных модемах,&plus;1,86,146k
На пенсию в 22,&plus;53,4,"14,7k"
Как мы запустили роботов в маленький Чернобыль. Часть 1,&plus;152,9,"13,6k"
"Выжить в лобовом столкновении, и почему амнезия это не то, что вы думаете",&plus;44,86,146k
Что случилось с GALILEO — версия программиста GNSS,&plus;120,110,"71,5k"
Как мы лечили кота Лапуню,&plus;30,343,68k
Билайн показывает рекламу боту Google. Бот недоволен,&plus;47,318,"63,7k"
"Hello, World! Глубокое погружение в Терминалы",&plus;268,143,221k
Как я Telegram ломал,&plus;152,105,184k
Рождение концепции Remote Reality,&plus;59,86,146k
        Курсы,nan,709,140k
,nan,nan,68k
      ,nan,nan,"13,6k"
Как Сбербанк собирает согласие на обработку биометрии,nan,nan,"11,4k"
Минуточку внимания,nan,nan,146k
"10 лет в IT с диагнозом шизофрения, советы по выживанию",nan,nan,10k
"Будни техподдержки: байки про то, что бывает, когда не можешь дойти до юзера",&plus;120,nan,"1,1k"
И повелел Господь: «собеседуйтесь и принимайте офферы»,&plus;152,343,68k
Ещё лучшая ZIP-бомба,&plus;1,86,146k
"Софт для Boeing-737 Max писался аутсорсерами, зарабатывающими $9 в час",&plus;53,4,"14,7k"
Мобильный телефон BuratinoPhone,&plus;152,9,"13,6k"
В Италии началась Open Source революция,&plus;44,86,146k
Про антилопу в противогазе и розовые солёные озёра,&plus;120,110,"71,5k"
Дешёвые и дорогие батарейки ААА,&plus;30,343,68k
Государственные учреждения страны теперь должны делать общедоступным весь разработанный для них код,&plus;47,318,"63,7k"
Будни дата-центра: неочевидные мелочи за 7 лет эксплуатации. И продолжение про крысу,&plus;268,143,221k
"Инженеры спасают пропавших в лесу людей, но лес пока не сдается",&plus;152,105,184k
"Презентация как код, или Почему я больше не пользуюсь Powerpoint-ом",&plus;59,86,146k
Японские интерфейсы в реальном мире,nan,709,140k
,nan,nan,68k
      ,nan,nan,"13,6k"
Минуточку внимания,nan,nan,"11,4k"
Сканер портов в личном кабинете Ростелекома,nan,nan,146k
Чему я научился на своём горьком опыте (за 30 лет в разработке ПО),nan,nan,10k
Как прийти в небо и стать пилотом,&plus;120,nan,"1,1k"
"Ответы на ваши вопросы про то, зачем нужно издательство для выпуска книги",&plus;152,343,68k
Анализ сишного Hello World,&plus;1,86,146k
Зубы мудрости: удалить нельзя оставить,&plus;53,4,"14,7k"
"Аудио через Bluetooth: максимально подробно о профилях, кодеках и устройствах",&plus;152,9,"13,6k"
"Лопнул ли пузырь машинного обучения, или начало новой зари",&plus;44,86,146k
Самое читаемоеМинуточку внимания,&plus;120,110,"71,5k"
Старикам здесь не место? Программируем после тридцати пяти,&plus;30,343,68k
Telegram. Безлимитный сетевой диск. Бесплатный,&plus;47,318,"63,7k"
Авиационные газотурбинные двигатели,&plus;268,143,221k
13 самых заминусованных статей минувшего года,&plus;152,105,184k
Турбореактивные двигатели,&plus;59,86,146k
Осторожно доктор,nan,709,140k
,nan,nan,68k
      ,nan,nan,"13,6k"
Минуточку внимания,nan,nan,"11,4k"
Человек без смартфона,nan,nan,146k
Онлайн-кассы как легальный отъем денег у бизнеса,nan,nan,10k
"HBO, cпасибо что напомнил… «Чернобыльская аптечка» беларуского фармацевта",&plus;120,nan,"1,1k"
Акихабара: место гнездования отаку,&plus;152,343,68k
Горький урок отрасли ИИ,&plus;1,86,146k
Доступное объяснение гипотезы Римана,&plus;53,4,"14,7k"
Бизнес на свои: книга с тактикой прохождения этой игры,&plus;152,9,"13,6k"
"Что не нужно делать, если у вас украли телефон",&plus;44,86,146k
Самое читаемоеМинуточку внимания,&plus;120,110,"71,5k"
Уличная магия сравнения кодеков. Раскрываем секреты,&plus;30,343,68k
Советские мечты о будущем,&plus;47,318,"63,7k"
"Япония: страна настолько здравого смысла, что он для нас местами иррационален",&plus;268,143,221k
Принципы свободного рынка в понимании США,&plus;152,105,184k
"Умный парсер числа, записанного прописью",&plus;59,86,146k
Сериал «Чернобыль»: смотреть и думать,nan,709,140k
,nan,nan,68k
      ,nan,nan,"13,6k"
Теперь хороших разрабов меряют по просмотрам и подписчикам — и это плохо,nan,nan,"11,4k"
Минуточку внимания,nan,nan,146k
Почему WhatsApp никогда не станет безопасным,nan,nan,10k
Довольно вычурные «Начала» Евклида в TeX-е,&plus;120,nan,"1,1k"
Математики обнаружили идеальный способ перемножения чисел,&plus;152,343,68k
Я выставил счёт $18 000 за статичную веб-страничку… и мне это сошло с рук,&plus;1,86,146k
Arduino и Raspberry вне закона,&plus;53,4,"14,7k"
Самое читаемоеМинуточку внимания,&plus;152,9,"13,6k"
Как и зачем работать медленнее? Метод Сергея Королёва,&plus;44,86,146k
Аскота 170 — механический компьютер и советский палеоэндемик,&plus;120,110,"71,5k"
Как мы запустили 2ГИС под CarPlay и до сих пор расхлёбываем,&plus;30,343,68k
Разбираем змею,&plus;47,318,"63,7k"
"Я получил от Кнута чек на 0x$3,00",&plus;268,143,221k
В этой статье слишком много воды,&plus;152,105,184k
Популярные заблуждения про радиационную стойкость микросхем,&plus;59,86,146k
"«Игра престолов»: строим инфографику об убийствах, сексе, путешествиях по Вестеросу и многое другое",nan,709,140k
,nan,nan,68k
      ,nan,nan,"13,6k"
О простых вещах-сложно. Возвращаем девочке птицелет или RTFM по определению пластмасс в домашних условиях,nan,nan,"11,4k"
Минуточку внимания,nan,nan,146k
  ,nan,nan,10k
О едком и не очень,&plus;120,nan,"1,1k"
      Средняя зарплата в IT,&plus;152,343,68k
Самые интересные яды,&plus;1,86,146k
Самые нестрашные яды,&plus;53,4,"14,7k"
"Как понять, что ты действительно бросил курить",&plus;152,9,"13,6k"
Самые интересные металлы,&plus;44,86,146k
Самое читаемоеМинуточку внимания,&plus;120,110,"71,5k"
Играем в Тетрис на электромеханическом экране,&plus;30,343,68k
Что слышно в радиоэфире? Принимаем и декодируем наиболее интересные сигналы,&plus;47,318,"63,7k"
Ищем свободное парковочное место с Python,&plus;268,143,221k
Я у мамы не инженер,&plus;152,105,184k
Авиакатастрофа в Шереметьево: исторические аналогии,&plus;59,86,146k
Как нам обустроить Мегафон,nan,709,140k
,nan,nan,68k
"Выбор телевизора себе, любимому, с позиции науки, а не рекламы",nan,nan,"13,6k"
      ,nan,nan,"11,4k"
Crew Dragon взорвался,nan,nan,146k
Самые страшные яды,nan,nan,10k
Кипр — минутка мягкого психодела,&plus;120,nan,"1,1k"
FAQ: что надо знать путешественнику-гику про прививки перед поездкой,&plus;152,343,68k
Каково быть мейнтейнером свободного ПО,&plus;1,86,146k
Почему нельзя ходить по крылу у края и угол атаки,&plus;53,4,"14,7k"
Почему путешествия опасны?Минуточку внимания,&plus;152,9,"13,6k"
Самое читаемоеМинуточку внимания,&plus;44,86,146k
Нужно ли чистить строки в JavaScript?,&plus;120,110,"71,5k"
"Как втиснуть 16 ГБ памяти на материнскую плату, которая не поддерживает такой объём",&plus;30,343,68k
Почему размытие плохо скрывает конфиденциальную информацию,&plus;47,318,"63,7k"
О простых вещах-сложно. «Cпящая сталь». Чем смазать заржавевшие болты или Не WD-40 единым…,&plus;268,143,221k
Фибоначчи на собеседовании,&plus;152,105,184k
Раздел 1. Soft Skills,&plus;59,86,146k
Честное резюме программиста,nan,709,140k
,nan,nan,68k
      ,nan,nan,"13,6k"
О простых вещах-сложно. Письмо химика 3D-печатнику. Растворители для пластмасс и защита от них,nan,nan,"11,4k"
Минуточку внимания,nan,nan,146k
  ,nan,nan,10k
Бунт на Пикабу. Пользователи массово уходят на Реддит,&plus;120,nan,"1,1k"
Фотография чёрной дыры — будет ли от неё польза?,&plus;152,343,68k
      Средняя зарплата в IT,&plus;1,86,146k
Как вычисляют сумасшедших — 2: блеск и нищета патопсихологической диагностики,&plus;53,4,"14,7k"
Самое читаемоеМинуточку внимания,&plus;152,9,"13,6k"
Не долго музыка играла… или как ОС Эльбрус так и не стала свободной,&plus;44,86,146k
Советская техническая эстетика и технологии,&plus;120,110,"71,5k"
Как Мегафон спалился на мобильных подписках,&plus;30,343,68k
Неразбериха с Boeing 737 MAX: анализ возможных причин аварий,&plus;47,318,"63,7k"
Изготовление плазменных двигателей в России,&plus;268,143,221k
Космос как смутное воспоминание,&plus;152,105,184k
"Сергей Зонов: «Первый „Спектрум“ я сделал потому, что мне было интересно»",&plus;59,86,146k
"Как заменить лампочку на рабочем месте так, чтобы тебя не уволили?",nan,709,140k
